id,anio,tipo_actor,inseguro,victima,vio_ffaa,vio_policia,vio_cacmq,cc_peleas,cc_situacion_calle,cc_alcohol,cc_drogas,cc_danio_propiedad,cc_fauna_urbana,cc_basura,cc_ruido,cc_aglomeracion,ferias,hombre
CHQ24_0001,2024,locales,0,0,0,1,1,1,1,1,1,0,1,1,0,1,0,1
CHQ24_0002,2024,locales,1,0,1,1,1,1,1,1,0,1,0,1,0,0,1,1
CHQ24_0003,2024,locales,1,0,1,1,1,0,1,1,0,1,0,0,0,1,1,0
CHQ24_0004,2024,locales,1,1,1,1,1,0,1,0,0,0,0,0,0,0,1,0
CHQ24_0005,2024,locales,1,0,1,1,1,1,1,1,1,0,1,1,1,1,1,1
CHQ24_0006,2024,locales,0,0,1,1,1,1,0,1,0,0,0,0,0,1,1,0
CHQ24_0007,2024,locales,1,0,1,1,0,1,1,1,1,1,1,1,1,1,1,0
CHQ24_0008,2024,locales,0,0,1,1,1,1,1,1,1,1,1,1,1,1,1,1
CHQ24_0009,2024,locales,1,1,1,1,0,1,1,1,1,0,0,1,1,1,1,1
CHQ24_0010,2024,locales,1,0,1,1,1,1,1,1,0,1,0,1,1,0,1,1
CHQ24_0011,2024,locales,1,1,0,0,1,1,0,1,0,1,0,1,1,1,1,1
CHQ24_0012,2024,locales,1,0,1,1,1,0,1,0,1,0,1,1,0,0,1,0
CHQ24_0013,2024,locales,0,0,1,1,1,1,1,1,1,0,1,1,1,1,1,1
CHQ24_0014,2024,locales,1,1,1,1,1,1,1,0,0,1,1,1,1,1,1,0
CHQ24_0015,2024,locales,0,0,0,1,0,1,1,1,1,1,1,1,0,1,0,1
CHQ24_0016,2024,locales,0,1,1,1,1,1,1,0,1,0,0,0,1,1,1,0
CHQ24_0017,2024,locales,1,1,1,1,1,0,1,0,0,1,0,1,1,0,1,1
CHQ24_0018,2024,locales,1,1,0,1,1,1,1,0,1,0,0,0,0,1,0,1
CHQ24_0019,2024,locales,1,1,0,0,1,0,1,0,0,0,1,0,0,1,1,1
CHQ24_0020,2024,locales,1,1,0,0,1,1,1,1,1,0,1,1,0,1,1,0
CHQ24_0021,2024,locales,1,1,1,1,1,1,1,1,1,1,1,1,1,1,1,0
CHQ24_0022,2024,locales,1,1,0,1,1,1,1,0,1,0,1,1,0,0,0,0
CHQ24_0023,2024,locales,1,1,1,0,0,0,1,1,1,1,1,1,0,0,0,0
CHQ24_0024,2024,locales,1,1,0,0,1,1,1,1,0,0,0,1,1,0,0,1
CHQ24_0025,2024,locales,1,1,0,0,1,1,1,1,1,1,1,1,1,1,0,0
CHQ24_0026,2024,locales,0,0,1,1,1,1,1,1,1,0,0,0,0,1,0,1
CHQ24_0027,2024,locales,1,1,0,0,0,1,1,1,1,1,0,0,0,1,1,0
CHQ24_0028,2024,locales,1,0,0,0,1,1,1,1,1,1,0,1,0,1,1,0
CHQ24_0029,2024,locales,1,1,1,1,1,0,1,0,0,0,1,1,0,1,1,0
CHQ24_0030,2024,locales,0,0,0,1,1,1,0,1,0,0,0,0,1,1,1,0
CHQ24_0031,2024,locales,0,0,1,1,1,1,1,0,0,0,1,1,1,0,0,1
CHQ24_0032,2024,locales,0,0,1,1,1,1,0,0,0,0,1,0,0,1,0,1
CHQ24_0033,2024,locales,0,0,1,1,1,0,1,0,1,1,1,1,1,1,1,1
CHQ24_0034,2024,locales,0,0,1,1,1,0,1,0,0,0,0,1,1,1,1,1
CHQ24_0035,2024,locales,1,1,0,1,1,1,1,1,1,0,1,1,1,0,1,1
CHQ24_0036,2024,locales,1,0,0,1,1,0,1,1,0,0,1,1,1,0,1,0
CHQ24_0037,2024,locales,1,0,0,1,1,1,1,1,1,1,1,1,1,1,0,1
CHQ24_0038,2024,locales,1,1,1,0,0,1,1,1,1,1,0,0,1,0,1,0
CHQ24_0039,2024,locales,1,0,1,1,1,1,1,1,1,0,1,1,1,0,1,1
CHQ24_0040,2024,locales,1,1,1,1,0,1,1,1,1,1,1,0,1,0,1,1
CHQ24_0041,2024,locales,1,0,1,1,1,0,1,0,0,0,1,0,1,0,1,1
CHQ24_0042,2024,locales,0,0,1,1,1,1,1,0,0,1,0,1,1,1,1,1
CHQ24_0043,2024,locales,1,0,0,1,0,1,1,1,1,1,1,1,1,0,1,1
CHQ24_0044,2024,locales,1,1,0,0,1,1,1,1,0,1,0,0,0,0,1,1
CHQ24_0045,2024,locales,1,1,0,1,1,1,1,1,0,0,1,1,0,1,1,0
CHQ24_0046,2024,locales,1,1,1,1,1,1,1,1,1,0,1,1,0,0,0,1
CHQ24_0047,2024,locales,1,1,1,1,1,1,1,1,0,1,1,1,1,1,1,0
CHQ24_0048,2024,locales,1,1,0,1,1,0,1,1,1,0,0,1,1,0,1,1
CHQ24_0049,2024,locales,0,0,1,1,0,0,1,1,0,0,1,0,1,0,0,1
CHQ24_0050,2024,locales,0,1,1,1,1,1,1,1,1,1,0,1,0,1,0,1
CHQ24_0051,2024,locales,1,0,0,1,1,1,1,1,1,1,1,1,1,0,1,1
CHQ24_0052,2024,locales,1,1,0,1,1,1,1,1,1,0,0,0,0,0,1,0
CHQ24_0053,2024,locales,1,0,1,0,1,1,1,1,1,1,1,0,1,1,1,0
CHQ24_0054,2024,locales,1,1,1,1,1,0,1,1,1,1,1,0,1,0,1,1
CHQ24_0055,2024,locales,1,0,1,1,1,1,1,0,1,0,1,1,0,0,1,1
CHQ24_0056,2024,locales,0,0,1,1,1,1,1,1,1,1,1,1,1,0,1,0
CHQ24_0057,2024,locales,1,1,1,1,1,1,1,1,1,1,1,1,0,0,1,0
CHQ24_0058,2024,locales,1,0,1,1,1,1,1,1,1,0,0,1,1,0,1,1
CHQ24_0059,2024,locales,1,0,1,1,1,1,1,1,1,1,1,1,0,0,1,0
CHQ24_0060,2024,locales,1,1,1,0,1,1,1,0,1,1,1,0,1,0,1,1
CHQ24_0061,2024,locales,1,0,0,1,1,1,0,1,1,1,1,1,1,0,1,1
CHQ24_0062,2024,locales,1,0,1,0,1,0,1,1,1,1,1,0,0,0,1,1
CHQ24_0063,2024,locales,1,1,1,1,0,1,1,1,1,0,1,1,1,0,0,1
CHQ24_0064,2024,locales,0,1,0,1,1,1,1,1,1,1,1,1,1,1,1,1
CHQ24_0065,2024,locales,0,0,1,1,1,1,1,1,1,1,0,1,0,1,1,0
CHQ24_0066,2024,locales,1,1,1,1,1,1,1,1,1,1,1,1,1,1,1,1
CHQ24_0067,2024,locales,1,0,0,0,1,1,1,1,1,1,1,0,0,0,1,0
CHQ24_0068,2024,locales,0,0,1,1,1,1,1,0,0,0,1,0,0,0,1,0
CHQ24_0069,2024,locales,1,1,1,1,1,1,1,1,1,1,0,1,1,1,1,1
CHQ24_0070,2024,locales,1,0,0,1,1,0,1,1,1,0,1,1,0,0,1,1
CHQ24_0071,2024,locales,1,1,1,1,1,1,1,1,1,0,0,0,1,0,1,0
CHQ24_0072,2024,locales,1,0,1,1,1,1,1,1,0,0,1,1,1,1,0,1
CHQ24_0073,2024,locales,0,1,1,1,1,0,1,1,1,1,1,1,0,1,1,1
CHQ24_0074,2024,locales,1,1,1,0,1,1,1,1,0,0,0,1,1,0,1,0
CHQ24_0075,2024,locales,1,1,1,1,1,1,1,0,1,0,0,1,1,1,1,0
CHQ24_0076,2024,locales,1,1,1,0,1,1,1,1,1,0,1,1,0,0,1,0
CHQ24_0077,2024,locales,1,1,1,0,1,0,1,1,1,0,0,1,1,0,1,0
CHQ24_0078,2024,locales,1,1,1,1,1,0,1,1,1,0,1,1,1,1,1,0
CHQ24_0079,2024,locales,1,1,1,1,1,1,1,1,1,0,0,0,0,0,1,0
CHQ24_0080,2024,locales,1,0,1,1,1,1,1,1,0,0,0,0,0,0,1,0
CHQ24_0081,2024,locales,0,1,0,1,1,0,0,1,0,0,0,0,1,0,1,1
CHQ24_0082,2024,locales,1,0,1,1,1,0,1,0,0,1,1,0,0,0,1,0
CHQ24_0083,2024,locales,1,1,1,1,1,0,1,1,1,1,0,0,0,1,1,0
CHQ24_0084,2024,locales,1,0,1,1,1,1,1,1,0,1,0,1,0,0,1,1
CHQ24_0085,2024,locales,1,0,1,1,1,1,1,1,0,0,0,0,0,0,1,0
CHQ24_0086,2024,locales,1,1,1,1,1,1,1,1,1,0,1,1,0,1,1,0
CHQ24_0087,2024,locales,1,1,1,1,1,1,1,1,1,1,0,0,0,1,1,0
CHQ24_0088,2024,locales,1,1,1,1,1,1,1,1,1,1,1,1,0,1,1,0
CHQ24_0089,2024,locales,1,1,0,0,1,1,1,1,1,1,1,1,1,1,1,0
CHQ24_0090,2024,locales,1,0,1,0,1,1,1,1,1,0,0,1,1,1,1,1
CHQ24_0091,2024,locales,0,0,0,1,1,0,1,0,0,0,1,0,0,0,1,1
CHQ24_0092,2024,locales,1,1,0,0,1,1,1,1,1,0,0,1,1,0,1,0
CHQ24_0093,2024,locales,1,1,1,1,1,1,1,1,1,0,0,1,0,0,1,0
CHQ24_0094,2024,locales,0,0,0,0,1,1,1,1,0,0,0,0,0,0,1,1
CHQ24_0095,2024,locales,1,1,0,1,1,1,1,1,1,0,0,1,0,0,1,1
CHQ24_0096,2024,locales,0,0,1,0,1,0,1,1,1,0,0,1,0,1,1,1
CHQ24_0097,2024,locales,1,1,0,1,1,1,1,1,1,0,0,1,1,0,1,0
CHQ24_0098,2024,locales,1,0,0,1,1,1,1,1,1,0,0,1,1,0,1,0
CHQ24_0099,2024,locales,1,1,0,0,1,1,1,1,1,0,0,1,1,1,1,0
CHQ24_0100,2024,locales,0,0,0,1,1,1,1,1,0,0,0,0,0,0,,0
CHQ24_0101,2024,locales,1,1,1,1,1,1,1,1,1,1,1,1,0,0,1,1
CHQ24_0102,2024,locales,1,0,0,1,1,1,1,1,1,0,0,1,0,0,1,0
CHQ24_0103,2024,locales,0,0,0,1,1,1,1,1,0,0,0,1,1,1,1,0
CHQ24_0104,2024,locales,1,1,0,1,1,1,1,1,1,0,1,1,1,1,1,1
CHQ24_0105,2024,locales,0,0,1,1,1,1,1,1,1,1,1,0,0,0,0,0
CHQ24_0106,2024,locales,1,1,0,1,1,1,1,1,1,1,1,0,1,0,1,0
CHQ24_0107,2024,locales,0,1,1,1,1,1,1,1,1,1,1,0,1,1,0,0
CHQ24_0108,2024,locales,1,1,0,0,1,1,1,1,1,1,1,1,1,0,1,1
CHQ24_0109,2024,locales,0,0,1,1,0,1,1,1,1,1,1,1,0,1,0,0
CHQ24_0110,2024,locales,1,1,1,0,1,1,1,1,1,0,1,1,1,0,1,0
CHQ24_0111,2024,locales,0,1,0,0,1,1,1,1,1,1,1,1,1,0,1,0
CHQ24_0112,2024,locales,1,0,0,0,1,1,1,1,1,0,1,1,1,0,1,0
CHQ24_0113,2024,locales,1,1,0,1,1,1,1,1,1,1,1,1,1,0,0,1
CHQ24_0114,2024,locales,1,1,0,0,1,1,1,1,1,1,1,1,1,1,0,0
CHQ24_0115,2024,locales,1,0,0,1,1,1,1,1,1,1,0,1,0,0,1,0
CHQ24_0116,2024,locales,1,0,0,0,1,1,1,1,0,1,0,0,1,0,1,0
CHQ24_0117,2024,locales,1,0,1,1,1,0,1,0,0,0,0,1,0,0,0,0
CHQ24_0118,2024,locales,1,1,0,1,1,1,1,1,1,0,0,1,0,0,0,0
CHQ24_0119,2024,locales,1,0,1,1,1,1,1,0,1,1,1,0,0,0,1,0
CHQ24_0120,2024,locales,1,0,1,1,1,1,1,1,1,1,0,1,0,0,1,0
CHQ24_0121,2024,locales,1,1,1,1,1,1,1,1,0,0,1,1,1,1,1,0
CHQ24_0122,2024,locales,1,0,0,1,1,1,1,0,1,0,0,1,0,0,0,1
CHQ24_0123,2024,locales,1,0,1,1,1,1,1,1,1,1,1,1,0,1,0,1
CHQ24_0124,2024,locales,1,0,1,1,1,0,1,1,0,1,0,0,0,0,1,1
CHQ24_0125,2024,locales,0,1,1,1,1,1,1,1,1,0,1,0,1,1,1,0
CHQ24_0126,2024,locales,1,1,1,1,1,1,1,1,1,1,1,1,1,1,1,1
CHQ24_0127,2024,locales,1,1,0,1,1,1,1,1,1,1,1,1,1,1,0,1
CHQ24_0128,2024,locales,1,1,0,1,1,1,1,1,1,1,1,1,1,1,0,1
CHQ24_0129,2024,locales,1,0,0,1,1,1,1,1,1,0,0,1,1,0,1,1
CHQ24_0130,2024,locales,1,1,1,1,1,1,1,1,1,1,0,1,0,1,1,1
CHQ24_0131,2024,locales,1,1,1,1,1,1,1,1,1,0,1,1,1,1,1,1
CHQ24_0132,2024,locales,1,1,1,1,1,1,1,1,1,0,1,1,0,0,0,0
CHQ24_0133,2024,locales,1,0,0,1,1,1,1,1,1,1,1,1,1,1,0,1
CHQ24_0134,2024,locales,1,1,0,1,1,1,1,1,1,1,1,1,1,1,0,1
CHQ24_0135,2024,locales,1,1,1,1,1,1,1,0,1,1,1,1,1,1,1,1
CHQ24_0136,2024,locales,1,0,1,1,1,1,1,1,0,0,0,1,0,0,0,0
CHQ24_0137,2024,locales,1,0,0,0,1,0,1,1,1,1,1,1,1,0,0,0
CHQ24_0138,2024,locales,1,0,0,0,0,1,1,0,0,0,1,0,0,1,0,0
CHQ24_0139,2024,locales,1,1,1,1,1,1,1,1,1,1,1,0,0,0,1,1
CHQ24_0140,2024,locales,1,0,0,1,1,1,1,1,0,1,1,1,0,1,1,0
CHQ24_0141,2024,locales,1,1,0,0,1,1,1,1,1,1,1,1,1,1,1,0
CHQ24_0142,2024,locales,1,1,0,0,1,1,1,1,0,1,0,1,1,1,1,0
CHQ24_0143,2024,locales,1,0,1,0,0,1,1,1,1,1,1,1,1,1,1,0
CHQ24_0144,2024,locales,1,0,1,1,1,0,1,0,0,1,0,1,1,0,1,0
CHQ24_0145,2024,locales,1,0,1,1,1,1,1,1,1,1,1,1,1,1,1,0
CHQ24_0146,2024,locales,1,1,0,0,1,1,1,1,1,0,1,1,1,1,1,1
CHQ24_0147,2024,locales,1,1,1,1,1,1,1,1,1,0,1,0,1,1,0,0
CHQ24_0148,2024,locales,1,1,0,1,0,1,1,1,1,1,1,1,1,1,1,0
CHQ24_0149,2024,locales,1,0,1,1,1,0,1,1,0,0,0,0,1,0,1,0
CHQ24_0150,2024,locales,1,0,1,1,0,0,1,1,1,1,1,1,1,1,0,1
CHQ24_0151,2024,locales,1,1,0,1,1,1,1,1,1,0,0,1,1,1,1,0
CHQ24_0152,2024,locales,1,0,0,0,1,1,1,1,1,1,1,1,1,1,1,0
CHQ24_0153,2024,locales,0,1,1,0,1,1,1,1,1,1,1,0,1,0,1,1
CHQ24_0154,2024,locales,1,0,1,1,1,1,1,1,1,1,0,0,1,0,1,0
CHQ24_0155,2024,locales,0,0,1,1,0,0,1,1,0,0,0,1,1,1,0,0
CHQ24_0156,2024,locales,0,1,1,1,1,1,1,1,1,0,1,1,0,0,1,1
CHQ24_0157,2024,locales,1,1,1,0,1,1,1,1,1,1,1,1,1,1,1,1
CHQ24_0158,2024,locales,1,0,1,1,1,1,1,1,1,1,1,0,1,1,0,0
CHQ24_0159,2024,locales,1,0,1,1,1,1,1,1,1,1,1,1,1,1,0,1
CHQ24_0160,2024,locales,1,1,1,0,1,1,1,1,1,0,1,0,1,1,0,0
CHQ24_0161,2024,locales,0,0,0,1,1,1,1,1,1,1,1,1,1,1,0,1
CHQ24_0162,2024,locales,1,0,1,1,1,1,1,1,1,0,0,0,1,0,1,1
CHQ24_0163,2024,locales,1,0,1,1,1,1,1,1,1,0,1,0,0,0,1,1
CHQ24_0164,2024,locales,1,1,0,1,1,1,1,1,1,1,1,1,0,1,1,1
CHQ24_0165,2024,locales,1,1,0,0,0,1,1,0,1,0,1,1,1,1,1,0
CHQ24_0166,2024,locales,1,1,1,1,1,1,1,1,1,0,0,1,1,0,1,1
CHQ24_0167,2024,locales,0,1,0,1,1,1,1,1,1,1,0,0,1,1,1,1
CHQ24_0168,2024,locales,1,1,0,1,1,1,1,1,1,0,0,1,0,1,1,0
CHQ24_0169,2024,locales,1,1,0,0,1,1,1,1,1,0,1,1,0,1,0,0
CHQ24_0170,2024,locales,0,1,1,0,1,1,1,0,1,1,1,1,1,0,1,0
CHQ24_0171,2024,locales,1,1,1,1,1,1,1,1,1,1,1,1,0,1,1,0
CHQ24_0172,2024,locales,0,0,0,1,1,1,1,0,0,1,0,1,1,1,1,1
CHQ24_0173,2024,locales,1,1,0,1,1,1,1,1,1,0,1,1,1,1,1,0
CHQ24_0174,2024,locales,1,1,0,0,1,1,1,1,1,1,0,1,1,1,0,0
CHQ24_0175,2024,locales,0,0,1,1,1,0,1,1,1,0,1,0,0,0,1,1
CHQ24_0176,2024,locales,0,0,1,1,1,1,1,1,1,0,0,1,1,1,1,0
CHQ24_0177,2024,locales,0,1,0,0,1,1,1,0,0,0,0,0,1,1,1,1
CHQ24_0178,2024,locales,1,0,0,1,1,1,1,1,0,0,0,0,1,0,1,0
CHQ24_0179,2024,locales,0,0,1,1,1,1,1,1,0,0,1,1,1,1,0,1
CHQ24_0180,2024,locales,0,0,1,1,1,1,1,1,1,0,1,1,1,1,1,0
CHQ24_0181,2024,locales,1,0,1,1,1,1,1,1,1,0,1,1,0,0,1,1
CHQ24_0182,2024,locales,1,0,1,1,1,1,1,1,1,0,0,1,0,0,0,1
CHQ24_0183,2024,locales,1,0,0,1,1,1,1,1,1,0,0,1,0,0,0,0
CHQ24_0184,2024,locales,1,1,0,1,1,1,1,1,1,0,0,0,0,0,1,1
CHQ24_0185,2024,locales,1,0,0,1,1,1,1,1,1,1,1,1,0,1,1,0
CHQ24_0186,2024,locales,0,0,0,1,1,1,1,0,,1,1,1,1,1,0,0
CHQ24_0187,2024,locales,1,1,1,1,1,1,1,1,1,0,1,1,1,1,1,1
CHQ24_0188,2024,locales,1,0,1,1,0,1,1,1,1,1,1,1,1,1,1,1
CHQ24_0189,2024,locales,1,0,1,1,1,1,1,0,1,0,1,1,0,0,1,0
CHQ24_0190,2024,locales,1,0,0,1,1,1,1,1,1,0,1,0,0,0,0,0
CHQ24_0191,2024,locales,1,0,1,1,1,1,1,1,1,0,1,1,1,1,0,0
CHQ24_0192,2024,locales,1,0,1,1,1,1,1,1,1,1,1,1,1,1,1,0
CHQ24_0193,2024,locales,1,0,1,1,1,1,1,1,1,1,1,1,1,1,0,0
CHQ24_0194,2024,locales,1,1,0,0,0,1,1,1,1,1,1,1,1,1,1,0
CHQ24_0195,2024,locales,1,1,0,0,1,1,1,1,1,0,1,0,0,0,1,0
CHQ24_0196,2024,locales,1,0,0,0,1,1,1,1,1,0,0,1,1,1,1,0
CHQ24_0197,2024,locales,1,1,0,1,1,1,1,1,0,1,1,1,0,1,1,0
CHQ24_0198,2024,locales,1,1,0,0,0,1,1,1,1,0,0,1,1,0,0,1
CHQ24_0199,2024,locales,1,1,0,0,1,1,1,1,1,1,1,1,0,0,0,1
CHQ24_0200,2024,locales,1,0,1,1,1,1,1,1,1,0,1,0,1,1,1,0
CHQ24_0201,2024,locales,1,1,0,0,0,1,1,1,1,1,1,1,0,0,1,0
CHQ24_0202,2024,locales,1,0,0,1,1,1,1,1,1,0,0,1,0,0,1,0
CHQ24_0203,2024,locales,1,1,1,1,1,1,1,1,1,1,1,1,0,0,1,0
CHQ24_0204,2024,locales,1,1,1,1,1,1,1,1,1,1,1,1,1,1,1,0
CHQ24_0205,2024,locales,1,0,1,1,0,1,1,1,1,0,0,0,0,1,1,0
CHQ24_0206,2024,locales,1,0,0,1,1,1,1,1,1,0,1,1,1,1,1,0
CHQ24_0207,2024,locales,1,0,0,0,1,0,1,1,1,1,0,1,0,0,1,0
CHQ24_0208,2024,locales,1,1,0,1,1,1,1,1,1,1,0,0,0,1,1,1
CHQ24_0209,2024,locales,1,0,0,1,1,1,1,1,1,0,1,1,0,0,1,0
CHQ24_0210,2024,locales,0,0,0,1,0,0,1,1,1,0,0,0,0,0,1,1
CHQ24_0211,2024,locales,1,0,1,0,1,1,1,1,1,0,1,1,0,0,1,0
CHQ24_0212,2024,locales,1,0,1,1,1,1,1,1,0,0,1,0,1,0,1,0
CHQ24_0213,2024,locales,0,0,0,1,1,0,1,0,0,0,1,0,1,1,1,0
CHQ24_0214,2024,locales,1,1,0,0,1,0,1,1,1,1,1,1,0,1,1,0
CHQ24_0215,2024,locales,0,0,0,1,1,0,1,1,1,0,1,1,0,1,0,0
CHQ24_0216,2024,locales,1,1,0,1,1,1,1,1,1,1,0,0,1,1,0,0
CHQ24_0217,2024,locales,1,0,1,1,1,1,1,1,1,1,1,0,1,1,1,1
CHQ24_0218,2024,locales,1,1,1,1,1,1,1,1,0,0,1,1,1,1,1,0
CHQ24_0219,2024,locales,0,1,1,1,1,0,1,0,1,0,0,1,0,0,1,0
CHQ24_0220,2024,locales,1,1,1,1,1,0,1,1,1,0,1,0,0,1,1,1
CHQ24_0221,2024,locales,1,1,1,1,1,1,1,1,1,1,1,1,1,1,1,0
CHQ24_0222,2024,locales,1,0,1,1,1,0,1,0,0,0,0,0,0,0,0,0
CHQ24_0223,2024,locales,0,1,0,1,1,0,1,1,0,1,1,1,0,1,1,0
CHQ24_0224,2024,locales,1,0,1,1,1,1,1,1,1,1,1,1,0,1,1,0
CHQ24_0225,2024,locales,0,1,0,1,1,0,0,0,1,0,0,1,0,1,0,0
CHQ24_0226,2024,locales,0,0,0,0,1,0,1,1,1,0,1,1,1,1,0,1
CHQ24_0227,2024,locales,0,0,0,0,1,0,1,1,0,0,0,1,0,0,1,0
CHQ24_0228,2024,locales,1,0,0,1,1,1,1,0,0,0,0,0,0,1,1,0
CHQ24_0229,2024,locales,0,0,0,0,0,0,1,0,0,0,0,1,,0,0,0
CHQ24_0230,2024,locales,1,0,1,1,1,1,1,1,1,1,0,0,0,1,1,0
CHQ24_0231,2024,locales,1,0,0,0,0,1,1,1,1,0,0,1,0,0,1,0
CHQ24_0232,2024,locales,0,0,1,1,1,1,1,1,1,0,1,1,1,1,1,0
CHQ24_0233,2024,locales,0,1,1,1,1,0,1,0,0,1,0,1,0,1,1,1
CHQ24_0234,2024,locales,0,0,1,1,1,0,1,0,0,0,0,0,1,1,1,0
CHQ24_0235,2024,locales,0,0,0,1,1,1,1,1,1,1,1,1,1,1,1,1
CHQ24_0236,2024,locales,0,0,1,1,1,1,1,1,1,0,0,0,0,0,1,1
CHQ24_0237,2024,locales,1,0,0,0,1,1,1,1,1,0,1,1,0,1,1,0
CHQ24_0238,2024,locales,0,0,1,1,1,1,1,0,0,0,0,0,0,0,0,0
CHQ24_0239,2024,locales,0,1,0,0,1,1,1,0,0,0,1,0,0,1,1,1
CHQ24_0240,2024,locales,1,0,1,1,1,1,1,1,1,1,0,1,1,0,0,0
CHQ24_0241,2024,locales,1,1,0,1,1,1,1,1,1,0,1,1,0,1,1,1
CHQ24_0242,2024,locales,0,1,1,1,1,1,1,1,0,0,0,0,0,0,0,1
CHQ24_0243,2024,locales,1,1,1,1,1,0,1,0,1,1,1,1,1,1,1,0
CHQ24_0244,2024,locales,0,0,1,1,1,1,1,0,0,0,1,1,0,1,1,1
CHQ24_0245,2024,locales,0,0,1,1,1,0,1,1,0,0,1,1,1,0,0,1
CHQ24_0246,2024,locales,1,1,1,1,0,1,1,1,1,1,1,1,0,1,1,1
CHQ24_0247,2024,locales,0,0,0,0,1,1,1,1,1,1,0,1,0,0,1,1
CHQ24_0248,2024,locales,1,0,1,1,1,1,1,0,1,1,1,1,1,1,1,0
CHQ24_0249,2024,locales,0,1,1,1,1,0,1,0,0,0,1,1,1,1,0,1
CHQ24_0250,2024,locales,0,1,1,1,1,1,1,0,0,1,1,0,1,1,1,0
CHQ24_0251,2024,locales,1,1,0,0,1,1,1,1,1,1,0,0,0,0,1,1
CHQ24_0252,2024,locales,1,1,0,0,0,0,0,1,1,0,0,0,0,0,1,0
CHQ24_0253,2024,locales,1,1,0,1,1,0,1,0,1,0,0,1,0,0,1,0
CHQ24_0254,2024,locales,1,0,0,0,1,1,1,1,1,0,0,1,1,0,1,0
CHQ24_0255,2024,locales,1,0,0,0,1,1,1,1,1,0,0,0,1,0,1,0
CHQ24_0256,2024,locales,1,1,0,0,0,1,1,1,1,0,0,1,1,0,0,0
CHQ24_0257,2024,locales,0,1,0,1,1,1,1,1,1,1,1,1,0,1,1,1
CHQ24_0258,2024,locales,1,0,0,1,1,1,1,1,1,0,0,0,0,0,1,0
CHQ24_0259,2024,locales,0,0,0,0,1,1,1,1,1,1,1,1,1,0,1,0
CHQ24_0260,2024,locales,1,1,1,1,1,0,1,0,0,1,1,0,0,1,1,1
CHQ24_0261,2024,locales,1,0,0,0,1,1,1,1,1,0,1,1,1,0,1,0
CHQ24_0262,2024,locales,0,1,1,1,1,1,1,0,1,0,0,1,0,0,1,1
CHQ24_0263,2024,locales,1,0,1,0,1,1,1,0,1,1,1,1,0,0,1,0
CHQ24_0264,2024,locales,1,0,0,0,1,1,1,1,1,0,0,1,1,0,1,1
CHQ24_0265,2024,locales,1,0,1,1,1,1,1,0,1,0,0,0,0,0,1,0
CHQ24_0266,2024,locales,1,0,1,1,1,1,1,1,1,1,0,1,1,0,1,1
CHQ24_0267,2024,locales,1,1,1,0,1,1,1,1,1,1,1,1,1,1,1,0
CHQ24_0268,2024,locales,1,0,0,0,1,1,1,1,1,0,0,1,0,0,1,1
CHQ24_0269,2024,locales,1,1,1,1,1,1,1,1,1,1,1,1,0,0,1,0
CHQ24_0270,2024,locales,1,0,0,0,0,1,1,1,1,1,0,1,1,0,1,1
CHQ24_0271,2024,locales,1,0,0,0,1,1,1,1,1,1,1,1,1,1,1,0
CHQ24_0272,2024,locales,1,0,1,1,1,1,1,1,1,0,1,1,1,0,1,0
CHQ24_0273,2024,locales,1,1,0,0,1,0,1,0,0,0,1,0,0,0,1,1
CHQ24_0274,2024,locales,1,1,1,1,1,1,1,1,1,0,1,1,1,1,1,1
CHQ24_0275,2024,locales,1,0,0,0,1,1,1,1,1,0,0,1,1,0,1,1
CHQ24_0276,2024,locales,1,1,1,1,1,1,1,1,1,1,1,1,0,0,1,0
CHQ24_0277,2024,locales,1,0,0,0,1,1,1,1,1,0,0,0,1,0,1,1
CHQ24_0278,2024,locales,1,1,1,0,1,1,1,1,1,1,1,1,1,1,1,0
CHQ24_0279,2024,locales,1,1,0,0,1,1,1,1,1,0,0,1,1,0,1,1
CHQ24_0280,2024,locales,1,1,0,0,1,1,1,1,1,1,0,1,1,0,1,0
CHQ24_0281,2024,locales,1,0,0,1,1,1,1,1,0,0,0,0,1,1,1,0
CHQ24_0282,2024,locales,1,0,0,0,1,1,0,1,1,0,0,1,1,0,1,0
CHQ24_0283,2024,locales,1,0,0,0,1,1,0,1,1,1,0,1,1,1,0,0
CHQ24_0284,2024,locales,1,1,1,1,1,1,1,1,0,1,1,1,1,1,1,0
CHQ24_0285,2024,locales,1,0,1,1,1,1,1,1,1,0,1,1,1,1,0,1
CHQ24_0286,2024,locales,1,1,1,1,1,1,1,1,0,0,1,1,1,0,0,0
CHQ24_0287,2024,locales,0,1,0,0,1,1,1,0,0,1,1,1,0,1,1,0
CHQ24_0288,2024,locales,1,1,0,0,1,1,1,1,1,1,1,1,1,1,1,0
CHQ24_0289,2024,locales,0,1,1,1,1,1,1,1,1,1,1,1,1,1,1,1
CHQ24_0290,2024,locales,1,1,0,1,0,1,1,1,1,0,1,1,0,1,1,0
CHQ24_0291,2024,locales,1,0,1,1,1,1,1,0,0,1,1,0,1,1,1,1
CHQ24_0292,2024,locales,1,0,0,1,1,1,1,1,0,0,0,1,1,1,1,0
CHQ24_0293,2024,locales,1,1,1,1,1,1,1,1,1,1,1,0,1,1,1,1
CHQ24_0294,2024,locales,1,1,1,1,1,0,1,1,1,0,1,1,0,0,1,1
CHQ24_0295,2024,locales,1,1,1,1,1,0,1,0,0,0,0,1,0,0,1,1
CHQ24_0296,2024,locales,0,0,1,1,0,1,1,1,1,1,1,0,0,0,0,0
CHQ24_0297,2024,locales,0,1,0,1,1,1,1,1,1,1,1,1,1,1,1,1
CHQ24_0298,2024,locales,0,0,1,1,1,1,1,1,0,1,1,0,0,1,1,0
CHQ24_0299,2024,locales,0,0,1,1,1,1,1,1,0,1,1,1,1,1,1,0
CHQ24_0300,2024,locales,0,1,1,1,1,1,1,1,1,1,0,0,1,1,0,1
CHQ24_0301,2024,locales,1,1,0,0,1,1,1,1,0,1,1,1,1,1,0,1
CHQ24_0302,2024,locales,1,0,1,1,1,1,1,0,0,0,0,1,0,1,1,0
CHQ24_0303,2024,locales,1,0,1,1,1,1,1,1,1,1,1,1,1,1,0,1
CHQ24_0304,2024,locales,0,1,1,1,1,1,1,1,1,0,1,1,1,1,1,1
CHQ24_0305,2024,locales,1,1,1,0,1,1,1,1,1,0,1,1,1,0,0,0
CHQ24_0306,2024,locales,0,0,1,0,1,1,1,1,1,0,1,1,1,1,1,1
CHQ24_0307,2024,locales,1,0,0,1,1,1,1,1,1,1,1,1,1,1,1,0
CHQ24_0308,2024,locales,1,0,1,1,1,1,1,0,1,1,0,0,0,1,1,0
CHQ24_0309,2024,locales,1,1,1,1,1,1,1,0,0,1,1,0,1,,1,1
CHQ24_0310,2024,locales,0,0,1,1,1,0,0,1,1,1,0,0,0,0,1,0
CHQ24_0311,2024,locales,1,0,0,1,1,1,1,0,0,0,1,1,1,0,1,1
CHQ24_0312,2024,locales,1,1,1,1,1,1,1,1,1,0,0,0,0,0,1,0
CHQ24_0313,2024,locales,0,1,1,0,1,1,1,0,1,0,1,1,1,1,1,1
CHQ24_0314,2024,locales,1,1,1,1,1,0,1,1,0,0,1,1,0,0,0,0
CHQ24_0315,2024,locales,1,1,1,1,1,0,1,0,0,0,1,1,1,1,1,0
CHQ24_0316,2024,locales,1,1,1,1,1,1,1,1,1,1,1,1,1,1,1,0
CHQ24_0317,2024,locales,1,0,1,1,1,1,1,1,0,0,1,1,1,0,1,1
CHQ24_0318,2024,locales,0,0,1,1,1,1,1,1,1,0,1,1,1,0,1,1
CHQ24_0319,2024,locales,0,0,1,1,1,1,1,1,1,0,0,1,0,0,1,1
CHQ24_0320,2024,locales,1,1,0,0,1,1,1,1,0,1,1,1,1,1,1,0
CHQ24_0321,2024,locales,1,1,1,1,1,1,1,1,1,1,1,1,1,1,0,1
CHQ24_0322,2024,locales,0,1,1,1,1,1,1,0,1,1,1,1,1,1,1,1
CHQ24_0323,2024,locales,1,0,1,1,0,1,1,1,1,0,1,1,1,1,1,0
CHQ24_0324,2024,locales,0,1,0,0,1,1,1,1,1,1,1,1,1,1,1,1
CHQ24_0325,2024,locales,1,0,0,0,0,1,1,1,1,1,1,1,1,1,0,1
CHQ24_0326,2024,locales,1,1,0,0,0,1,1,0,0,0,1,0,0,1,1,0
CHQ24_0327,2024,locales,0,1,1,1,1,0,1,0,0,0,1,1,1,0,1,0
CHQ24_0328,2024,locales,0,0,0,1,1,0,1,1,1,0,1,1,0,0,1,0
CHQ24_0329,2024,locales,1,1,0,0,1,0,1,1,1,1,1,1,0,1,1,0
CHQ24_0330,2024,locales,0,1,1,1,1,1,1,1,0,0,1,1,0,0,1,1
CHQ24_0331,2024,locales,1,1,0,0,1,1,1,1,1,1,1,1,1,1,0,0
CHQ24_0332,2024,locales,1,1,1,1,1,1,1,1,1,1,1,1,1,1,1,0
CHQ24_0333,2024,locales,0,0,0,0,1,1,1,0,0,0,0,1,1,0,1,0
CHQ24_0334,2024,locales,0,1,0,1,1,1,1,1,1,0,1,0,0,1,1,1
CHQ24_0335,2024,locales,0,0,1,1,0,1,0,1,1,1,0,0,0,0,0,1
CHQ24_0336,2024,locales,0,1,1,0,1,0,1,1,1,0,1,1,0,1,1,0
CHQ24_0337,2024,locales,1,1,0,1,1,1,1,1,1,0,1,1,1,0,1,1
CHQ24_0338,2024,locales,1,1,0,0,0,1,1,1,0,1,1,1,0,0,0,0
CHQ24_0339,2024,locales,0,0,0,1,1,0,1,1,0,0,1,0,0,0,1,1
CHQ24_0340,2024,locales,0,0,0,1,1,0,1,0,0,0,0,0,0,1,1,0
CHQ24_0341,2024,locales,1,1,1,1,1,1,1,1,1,1,1,1,1,1,1,0
CHQ24_0342,2024,locales,0,0,1,1,1,0,1,1,0,1,0,0,1,0,1,0
CHQ24_0343,2024,locales,1,0,1,1,1,1,1,1,1,0,1,1,1,1,1,0
CHQ24_0344,2024,locales,1,1,1,1,1,1,1,1,1,0,0,0,1,1,1,0
CHQ24_0345,2024,locales,1,1,1,1,1,0,1,0,1,0,1,0,0,1,1,0
CHQ24_0346,2024,locales,1,1,1,0,0,1,1,0,0,0,1,1,1,1,1,0
CHQ24_0347,2024,locales,1,0,1,1,1,0,1,0,0,0,0,1,0,0,1,0
CHQ24_0348,2024,locales,0,0,1,1,1,0,0,0,0,,0,1,0,0,1,1
CHQ24_0349,2024,locales,0,0,1,1,1,1,1,1,1,1,1,0,0,0,1,1
CHQ24_0350,2024,locales,1,1,0,1,1,1,1,1,1,1,1,0,1,1,1,1
CHQ24_0351,2024,autonomo,0,0,1,1,1,1,1,1,0,1,1,1,1,1,1,0
CHQ24_0352,2024,autonomo,0,0,1,1,1,0,1,0,1,0,1,0,0,0,1,0
CHQ24_0353,2024,autonomo,1,1,1,1,0,1,1,1,1,0,0,0,0,1,0,0
CHQ24_0354,2024,autonomo,1,0,0,0,0,1,1,1,0,1,1,1,1,0,0,1
CHQ24_0355,2024,autonomo,0,0,0,1,1,1,1,1,1,0,1,1,0,1,1,1
CHQ24_0356,2024,autonomo,0,1,1,1,1,1,1,1,1,0,1,0,0,1,1,1
CHQ24_0357,2024,autonomo,0,0,1,1,1,1,1,1,0,1,1,1,0,1,1,0
CHQ24_0358,2024,autonomo,1,1,1,1,1,1,1,1,1,1,1,1,1,1,0,1
CHQ24_0359,2024,autonomo,1,1,1,1,1,1,1,1,1,1,1,1,0,0,1,1
CHQ24_0360,2024,autonomo,0,1,0,1,1,1,1,1,1,1,1,1,1,1,1,1
CHQ24_0361,2024,autonomo,0,0,1,1,1,0,1,0,0,0,1,0,0,0,0,1
CHQ24_0362,2024,autonomo,1,0,0,1,1,1,1,1,1,1,1,0,1,1,1,1
CHQ24_0363,2024,autonomo,1,1,1,1,1,0,1,1,1,1,1,1,0,1,1,0
CHQ24_0364,2024,autonomo,1,1,1,1,1,1,1,1,1,1,1,1,1,1,1,1
CHQ24_0365,2024,autonomo,1,1,1,1,1,1,1,1,1,1,1,1,1,1,1,0
CHQ24_0366,2024,autonomo,0,0,1,1,1,0,1,1,1,0,1,1,1,1,1,1
CHQ24_0367,2024,autonomo,0,0,1,1,1,1,0,1,0,0,1,0,0,0,0,1
CHQ24_0368,2024,autonomo,1,1,1,1,1,1,1,1,1,1,1,1,1,0,1,1
CHQ24_0369,2024,autonomo,1,0,1,1,1,1,1,1,1,0,1,0,1,1,1,0
CHQ24_0370,2024,autonomo,1,0,1,1,1,1,1,1,1,0,1,1,1,0,0,0
CHQ24_0371,2024,autonomo,1,0,1,0,1,1,1,0,0,0,0,1,1,1,0,0
CHQ24_0372,2024,autonomo,1,1,0,1,1,1,1,1,1,1,1,1,1,0,,0
CHQ24_0373,2024,autonomo,1,0,1,0,1,1,1,1,0,0,1,1,0,0,1,0
CHQ24_0374,2024,autonomo,1,1,0,0,0,0,1,1,1,0,0,1,0,0,,0
CHQ24_0375,2024,autonomo,1,1,1,1,1,1,1,1,0,1,1,1,1,1,,0
CHQ24_0376,2024,autonomo,1,1,0,0,1,1,1,1,1,1,0,1,1,0,,0
CHQ24_0377,2024,autonomo,1,1,1,1,1,1,1,0,0,0,0,0,1,1,1,1
CHQ24_0378,2024,autonomo,1,1,0,0,1,1,1,1,1,1,1,1,0,0,,1
CHQ24_0379,2024,autonomo,1,1,0,1,1,0,1,1,1,0,0,1,0,0,,0
CHQ24_0380,2024,autonomo,1,1,1,1,1,1,1,1,1,1,1,1,0,1,1,0
CHQ24_0381,2024,autonomo,0,0,0,1,1,0,0,1,1,0,0,1,1,1,1,0
CHQ24_0382,2024,autonomo,1,1,1,1,1,1,1,1,1,1,1,1,1,1,1,1
CHQ24_0383,2024,autonomo,1,1,1,1,1,1,1,1,1,1,1,1,1,1,1,0
CHQ24_0384,2024,autonomo,1,1,0,0,1,1,1,1,1,1,1,1,1,0,,0
CHQ24_0385,2024,autonomo,1,1,0,0,1,1,1,1,1,1,1,1,1,1,,1
CHQ24_0386,2024,autonomo,1,0,1,0,1,0,0,1,0,0,1,0,0,0,1,1
CHQ24_0387,2024,autonomo,0,0,1,1,1,0,1,0,0,0,1,1,0,0,1,1
CHQ24_0388,2024,autonomo,0,1,1,1,1,0,1,0,0,0,0,1,0,0,,0
CHQ24_0389,2024,autonomo,1,0,0,1,1,1,1,0,0,0,0,0,0,0,,0
CHQ24_0390,2024,autonomo,0,0,0,0,1,0,1,0,0,0,0,1,0,0,1,0
CHQ24_0391,2024,autonomo,0,0,1,0,1,0,1,0,0,1,1,0,0,0,1,0
CHQ24_0392,2024,autonomo,1,1,0,0,0,1,1,1,1,1,1,1,0,0,1,0
CHQ24_0393,2024,autonomo,1,1,1,1,1,1,1,1,1,1,1,1,0,1,,0
CHQ24_0394,2024,autonomo,1,0,0,1,1,1,1,1,1,1,1,1,1,1,,0
CHQ24_0395,2024,autonomo,1,0,1,1,1,1,1,0,0,0,1,0,1,1,,1
CHQ24_0396,2024,autonomo,1,0,1,0,1,1,1,1,1,1,1,1,1,1,,0
CHQ24_0397,2024,autonomo,1,0,1,1,1,1,1,1,1,1,1,1,1,1,,0
CHQ24_0398,2024,autonomo,0,1,1,1,1,1,1,0,0,0,1,0,1,1,,0
CHQ24_0399,2024,autonomo,1,1,1,1,1,1,1,0,0,0,1,0,1,1,,1
CHQ24_0400,2024,autonomo,1,1,0,0,0,1,1,1,1,1,1,1,1,1,,0
CHQ24_0401,2024,autonomo,1,0,1,0,1,1,1,1,1,1,1,1,1,1,,0
CHQ24_0402,2024,autonomo,1,0,0,0,1,1,1,0,0,1,0,1,1,1,,0
CHQ24_0403,2024,autonomo,1,1,0,0,1,1,1,1,1,1,1,1,1,1,,0
CHQ24_0404,2024,autonomo,0,0,1,1,1,1,1,1,1,1,1,1,1,1,1,0
CHQ24_0405,2024,autonomo,0,0,1,1,1,1,1,1,0,0,1,0,0,1,1,1
CHQ24_0406,2024,autonomo,1,0,0,0,0,1,1,1,1,1,1,1,1,1,0,1
CHQ24_0407,2024,autonomo,1,0,1,1,1,1,1,1,0,0,1,1,0,1,1,0
CHQ24_0408,2024,autonomo,1,0,1,1,1,1,1,1,0,0,1,0,0,1,1,1
CHQ24_0409,2024,autonomo,1,0,1,1,1,1,1,1,1,0,1,1,1,1,1,0
CHQ24_0410,2024,autonomo,1,1,1,1,1,1,1,1,1,0,0,0,1,0,0,0
CHQ24_0411,2024,autonomo,1,1,1,1,1,1,1,1,1,1,0,1,1,1,,0
CHQ24_0412,2024,autonomo,1,1,1,1,1,1,1,1,0,0,1,1,1,1,1,0
CHQ24_0413,2024,autonomo,0,0,1,1,1,1,1,1,1,0,1,0,1,1,1,1
CHQ24_0414,2024,autonomo,1,1,1,1,1,1,1,1,1,1,1,1,1,1,,0
CHQ24_0415,2024,autonomo,1,1,1,1,1,1,1,1,1,1,1,0,0,0,,0
CHQ24_0416,2024,autonomo,1,1,0,1,1,1,1,1,1,0,1,0,1,1,,1
CHQ24_0417,2024,autonomo,1,0,1,1,1,1,1,1,1,1,1,0,1,0,,1
CHQ24_0418,2024,autonomo,0,1,0,1,1,0,1,0,0,1,0,1,0,1,,1
CHQ24_0419,2024,autonomo,1,1,1,1,1,1,1,1,0,1,1,0,1,1,,0
CHQ24_0420,2024,autonomo,0,0,1,1,1,1,1,1,1,1,1,0,0,1,,1
CHQ24_0421,2024,autonomo,1,1,1,0,1,1,1,1,1,1,0,1,1,1,,0
CHQ24_0422,2024,autonomo,0,0,1,1,1,1,1,1,1,1,1,1,1,1,,1
CHQ24_0423,2024,autonomo,1,1,1,1,1,1,1,1,1,0,1,1,0,1,,0
CHQ24_0424,2024,autonomo,1,0,1,1,1,1,1,1,1,1,1,0,1,1,1,0
CHQ24_0425,2024,autonomo,1,0,1,1,1,1,1,1,1,0,1,1,0,0,1,0
CHQ24_0426,2024,autonomo,1,1,0,1,1,1,1,1,1,1,1,1,1,1,1,0
CHQ24_0427,2024,flotante,0,1,1,1,1,1,1,1,1,0,1,1,0,1,1,0
CHQ24_0428,2024,flotante,1,1,1,1,1,1,1,1,1,1,1,1,1,1,1,0
CHQ24_0429,2024,flotante,0,1,1,1,1,0,1,1,0,0,0,1,0,1,1,1
CHQ24_0430,2024,flotante,1,1,1,1,1,,1,1,1,1,1,1,,1,0,1
CHQ24_0431,2024,flotante,0,1,1,0,1,1,1,0,1,1,1,0,0,1,0,1
CHQ24_0432,2024,flotante,0,1,1,1,1,0,1,1,0,1,1,1,0,1,0,0
CHQ24_0433,2024,flotante,1,0,1,1,1,0,1,1,1,1,1,1,0,0,0,0
CHQ24_0434,2024,flotante,1,1,1,1,1,0,1,0,1,0,1,0,0,1,1,0
CHQ24_0435,2024,flotante,1,0,1,1,1,1,1,1,0,1,1,1,0,1,0,1
CHQ24_0436,2024,flotante,1,0,1,1,1,1,1,1,1,1,1,1,1,1,1,1
CHQ24_0437,2024,flotante,1,1,1,1,1,1,1,1,1,1,1,1,1,1,1,1
CHQ24_0438,2024,flotante,1,0,0,0,1,0,0,0,0,0,0,0,0,0,1,1
CHQ24_0439,2024,flotante,1,1,0,0,0,1,1,1,1,1,1,1,1,1,1,0
CHQ24_0440,2024,flotante,1,0,1,1,1,1,1,1,1,1,1,1,0,1,1,0
CHQ24_0441,2024,flotante,0,0,0,1,1,0,1,0,0,0,0,1,1,1,1,0
CHQ24_0442,2024,flotante,0,0,0,0,0,0,0,0,0,0,0,0,0,0,0,1
CHQ24_0443,2024,flotante,1,1,1,1,1,1,1,1,1,1,1,1,0,1,1,1
CHQ24_0444,2024,flotante,1,0,1,1,1,0,1,1,1,1,1,1,0,1,1,1
CHQ24_0445,2024,flotante,1,0,1,1,1,1,1,1,1,0,1,1,1,1,1,0
CHQ24_0446,2024,flotante,1,0,0,1,1,1,1,1,1,1,1,1,1,1,1,0
CHQ24_0447,2024,flotante,0,0,1,1,1,1,1,1,0,0,1,1,0,1,1,0
CHQ24_0448,2024,flotante,0,0,1,1,1,1,1,0,0,1,1,1,1,1,0,1
CHQ24_0449,2024,flotante,1,1,0,1,1,1,1,1,1,1,0,1,1,1,1,1
CHQ24_0450,2024,flotante,0,0,1,1,0,0,1,1,0,0,1,1,0,1,1,0
CHQ24_0451,2024,flotante,1,0,0,0,1,0,1,1,1,1,1,1,1,1,0,0
CHQ24_0452,2024,flotante,1,0,0,1,0,0,1,0,0,0,1,1,1,1,1,0
CHQ24_0453,2024,flotante,0,0,1,1,1,0,0,1,0,0,0,0,0,1,1,1
CHQ24_0454,2024,flotante,1,0,0,1,1,1,1,1,1,1,1,1,1,1,1,1
CHQ24_0455,2024,flotante,1,0,1,1,1,1,1,1,1,0,1,1,0,1,1,0
CHQ24_0456,2024,flotante,0,0,1,1,1,1,1,1,1,1,1,1,1,1,1,1
CHQ24_0457,2024,flotante,0,0,0,1,1,1,1,0,0,0,1,1,0,0,1,1
CHQ24_0458,2024,flotante,1,0,1,0,1,1,1,1,1,1,1,1,1,1,1,0
CHQ24_0459,2024,flotante,0,0,0,0,1,1,1,0,1,0,0,0,0,0,1,0
CHQ24_0460,2024,flotante,1,0,1,1,1,1,1,1,1,1,1,1,1,1,1,0
CHQ24_0461,2024,flotante,1,0,1,1,1,0,0,1,0,0,0,0,0,0,1,0
CHQ24_0462,2024,flotante,1,0,0,1,1,1,1,0,1,0,0,1,1,1,1,0
CHQ24_0463,2024,flotante,1,0,1,1,1,0,1,1,1,1,1,1,0,0,0,0
CHQ24_0464,2024,flotante,1,0,0,1,1,0,1,0,0,1,1,1,1,1,0,0
CHQ24_0465,2024,flotante,1,1,1,1,1,1,1,1,1,1,1,1,1,1,1,0
CHQ24_0466,2024,flotante,0,0,0,1,1,0,1,0,0,0,0,0,0,0,1,0
CHQ24_0467,2024,flotante,1,0,1,0,1,1,1,0,0,0,0,0,0,1,1,0
CHQ24_0468,2024,flotante,0,0,1,1,1,1,1,1,1,1,1,0,0,1,1,0
CHQ24_0469,2024,flotante,1,0,1,1,1,1,1,0,0,0,1,1,1,1,0,0
CHQ24_0470,2024,flotante,0,0,0,1,1,0,1,0,0,0,0,0,0,0,1,0
CHQ24_0471,2024,flotante,0,0,1,1,1,1,1,1,1,1,0,1,0,1,1,0
CHQ24_0472,2024,flotante,1,0,1,1,1,1,1,1,1,0,0,1,1,0,1,0
CHQ24_0473,2024,flotante,0,0,1,1,1,0,1,0,0,0,0,1,0,0,1,1
CHQ24_0474,2024,flotante,0,0,1,1,1,1,1,1,1,0,1,1,0,0,1,1
CHQ24_0475,2024,flotante,0,0,1,1,1,0,1,0,0,0,0,0,0,0,1,1
CHQ24_0476,2024,flotante,0,0,0,0,1,0,1,0,0,1,1,1,0,1,1,1
CHQ24_0477,2024,flotante,0,1,1,1,1,1,1,1,1,0,0,0,0,1,1,1
CHQ24_0478,2024,flotante,1,0,1,1,1,1,1,1,1,1,1,1,1,1,1,1
CHQ24_0479,2024,flotante,1,0,1,0,0,1,1,1,0,0,1,0,1,0,1,1
CHQ24_0480,2024,flotante,0,0,1,1,1,1,1,1,1,1,0,0,1,0,1,1
CHQ24_0481,2024,flotante,0,0,0,1,1,0,0,0,0,0,0,0,0,0,1,1
CHQ24_0482,2024,flotante,0,0,1,1,1,0,0,0,0,0,0,0,0,0,1,1
CHQ24_0483,2024,flotante,1,0,0,0,1,0,1,0,0,0,0,0,0,0,1,1
CHQ24_0484,2024,flotante,1,1,0,0,1,1,1,1,1,1,1,1,1,1,1,1
CHQ24_0485,2024,flotante,0,0,0,0,1,0,0,1,1,1,1,1,0,0,0,1
CHQ24_0486,2024,flotante,1,0,1,0,0,0,1,1,0,0,1,1,0,1,0,1
CHQ24_0487,2024,flotante,1,0,0,1,0,1,1,1,0,0,1,0,1,1,1,0
CHQ24_0488,2024,flotante,1,0,0,1,1,0,1,1,0,0,0,1,0,1,1,1
CHQ24_0489,2024,flotante,1,0,0,1,1,1,1,1,1,1,1,1,1,1,1,1
CHQ24_0490,2024,flotante,1,0,0,1,1,0,1,1,0,0,0,0,1,0,1,1
CHQ24_0491,2024,flotante,1,0,0,1,1,1,1,1,0,0,1,1,0,1,0,0
CHQ24_0492,2024,flotante,1,0,0,0,0,,1,,,,,1,,,1,0
CHQ24_0493,2024,flotante,0,0,0,1,1,1,1,1,1,0,0,1,1,1,1,1
CHQ24_0494,2024,flotante,1,1,1,1,1,1,1,1,1,1,1,1,1,1,1,1
CHQ24_0495,2024,flotante,1,0,1,1,1,1,1,1,1,0,1,1,1,1,1,0
CHQ24_0496,2024,flotante,1,1,0,0,0,0,1,1,1,1,0,1,0,1,1,0
CHQ24_0497,2024,flotante,0,0,1,1,1,0,1,1,1,0,1,1,0,1,1,1
CHQ24_0498,2024,flotante,1,1,0,0,1,1,1,,,,,1,1,1,1,0
CHQ24_0499,2024,flotante,1,0,0,1,1,0,1,0,0,0,1,1,0,0,0,0
CHQ24_0500,2024,flotante,1,1,0,1,1,1,1,1,1,1,1,1,1,1,0,0
CHQ24_0501,2024,flotante,1,1,0,0,0,1,1,1,1,1,1,1,1,1,1,0
CHQ24_0502,2024,flotante,0,0,0,1,1,0,1,1,0,0,0,1,0,1,0,1
CHQ24_0503,2024,flotante,0,0,1,0,1,0,1,1,0,1,1,1,0,1,1,0
CHQ24_0504,2024,flotante,0,0,0,1,1,0,1,1,1,0,0,1,0,0,0,1
CHQ24_0505,2024,flotante,0,0,0,1,1,0,0,1,1,0,0,0,0,0,0,1
CHQ24_0506,2024,flotante,0,0,0,1,1,0,1,0,0,0,0,1,0,1,1,1
CHQ24_0507,2024,flotante,0,1,0,0,0,1,1,1,1,1,1,1,1,1,1,0
CHQ24_0508,2024,flotante,0,0,0,1,1,0,1,1,1,1,0,1,0,0,0,1
CHQ24_0509,2024,flotante,0,0,0,1,1,1,1,0,0,0,0,0,0,0,1,1
CHQ24_0510,2024,flotante,0,0,1,1,1,1,1,1,1,0,1,1,1,1,1,1
CHQ24_0511,2024,flotante,0,0,1,1,1,1,1,1,0,0,0,1,0,0,,1
CHQ24_0512,2024,flotante,1,0,0,1,1,1,1,1,1,0,1,1,1,1,1,1
CHQ24_0513,2024,flotante,0,0,0,1,1,1,1,1,0,0,0,0,0,0,1,0
CHQ24_0514,2024,flotante,0,0,0,1,1,0,1,0,0,0,0,1,1,1,1,0
CHQ24_0515,2024,flotante,1,0,0,0,0,1,1,1,0,1,0,0,1,1,1,1
CHQ24_0516,2024,flotante,0,0,0,0,0,0,1,0,0,0,1,1,0,1,0,0
CHQ24_0517,2024,flotante,1,0,1,1,1,1,1,0,1,0,1,1,1,1,1,0
CHQ24_0518,2024,flotante,0,0,1,1,1,0,1,1,0,0,0,1,0,1,1,1
CHQ24_0519,2024,flotante,1,1,0,0,1,1,1,1,1,1,1,1,0,1,1,0
CHQ24_0520,2024,flotante,0,0,1,1,1,1,1,1,1,0,0,1,0,1,1,0
CHQ24_0521,2024,flotante,1,1,0,1,1,1,1,0,0,0,0,0,0,1,1,0
CHQ24_0522,2024,flotante,1,1,0,1,0,0,1,1,1,0,1,1,1,1,0,0
CHQ24_0523,2024,flotante,0,0,1,0,1,0,1,0,0,0,0,0,0,1,1,0
CHQ24_0524,2024,flotante,1,0,0,0,1,1,1,1,1,1,1,1,1,1,1,1
CHQ24_0525,2024,flotante,1,0,1,1,1,1,1,1,1,0,1,1,1,1,1,0
CHQ24_0526,2024,flotante,0,1,1,1,1,0,1,0,0,1,1,1,1,1,1,1
CHQ24_0527,2024,flotante,1,1,1,0,0,1,1,1,0,0,0,1,1,0,0,0
CHQ24_0528,2024,flotante,1,0,0,1,1,0,1,1,0,0,1,1,0,0,1,0
CHQ24_0529,2024,flotante,1,0,0,0,0,0,0,0,0,0,0,1,,1,1,0
CHQ24_0530,2024,flotante,0,0,1,1,1,1,1,1,0,0,0,0,1,1,1,0
CHQ24_0531,2024,flotante,1,0,1,1,1,0,1,1,1,1,1,1,1,1,1,0
CHQ24_0532,2024,flotante,1,0,0,0,1,1,1,1,1,0,0,1,1,1,1,0
CHQ24_0533,2024,flotante,0,0,0,1,1,0,1,1,1,0,0,1,0,1,1,1
CHQ24_0534,2024,flotante,1,0,1,1,1,1,1,1,1,1,1,1,1,1,1,0
CHQ24_0535,2024,flotante,1,0,1,1,1,0,0,1,1,1,1,1,0,1,1,1
CHQ24_0536,2024,flotante,1,0,0,0,0,1,1,1,1,0,0,1,0,0,1,1
CHQ24_0537,2024,flotante,0,0,1,1,1,1,0,0,0,0,0,1,0,1,1,0
CHQ24_0538,2024,flotante,1,0,1,1,1,1,0,1,1,1,1,1,1,1,1,0
CHQ24_0539,2024,flotante,1,0,1,1,1,1,1,1,0,0,0,1,1,1,1,1
CHQ24_0540,2024,flotante,1,0,1,0,1,1,1,0,1,0,1,1,1,1,1,0
CHQ24_0541,2024,flotante,1,0,0,0,1,0,0,0,1,0,0,1,0,1,1,0
CHQ24_0542,2024,flotante,1,0,0,1,1,0,1,0,0,1,0,1,0,0,0,1
CHQ24_0543,2024,flotante,0,0,1,1,1,0,1,0,1,0,1,0,1,1,1,0
CHQ24_0544,2024,flotante,0,0,0,1,1,0,1,0,0,0,1,1,0,1,1,0
CHQ24_0545,2024,flotante,0,0,0,1,1,1,1,0,0,0,1,1,0,1,1,1
CHQ24_0546,2024,flotante,0,0,1,1,1,1,1,1,1,1,1,1,1,1,1,1
CHQ24_0547,2024,flotante,0,0,0,0,0,0,0,1,1,0,0,0,0,1,1,1
CHQ24_0548,2024,flotante,0,0,0,1,1,1,1,1,1,0,0,0,0,1,1,1
CHQ24_0549,2024,flotante,0,0,0,0,0,0,0,0,0,0,1,0,0,1,1,1
CHQ24_0550,2024,flotante,0,0,1,1,1,1,1,1,1,1,1,1,1,1,1,1
CHQ24_0551,2024,flotante,1,0,1,1,1,1,1,0,1,0,1,1,1,1,1,1
CHQ24_0552,2024,flotante,0,0,1,1,1,0,1,0,1,1,1,1,0,1,1,1
CHQ24_0553,2024,flotante,1,0,1,1,0,1,1,1,1,0,0,0,1,1,1,1
CHQ24_0554,2024,flotante,0,0,0,0,1,0,0,0,0,0,0,0,0,0,1,1
CHQ24_0555,2024,flotante,0,0,1,1,1,1,0,1,1,1,1,0,0,0,1,1
CHQ24_0556,2024,flotante,1,0,1,1,1,1,1,1,0,1,1,1,1,1,0,1
CHQ24_0557,2024,flotante,1,0,1,0,1,1,1,1,1,1,1,1,0,1,1,1
CHQ24_0558,2024,flotante,0,0,1,1,1,0,1,0,1,0,1,1,1,1,1,1
CHQ24_0559,2024,flotante,0,0,1,1,1,1,1,1,1,1,0,1,1,1,1,0
CHQ24_0560,2024,flotante,1,0,0,0,1,1,1,1,1,0,0,1,1,1,0,0
CHQ24_0561,2024,flotante,0,0,0,1,1,0,0,0,0,0,0,0,0,0,1,0
CHQ24_0562,2024,flotante,1,0,1,1,1,0,1,1,1,0,1,1,0,1,1,0
CHQ24_0563,2024,flotante,1,1,1,1,1,1,1,1,1,1,1,1,1,1,1,0
CHQ24_0564,2024,flotante,0,0,0,1,1,0,1,1,1,0,0,0,0,1,1,0
CHQ24_0565,2024,flotante,1,0,0,1,1,0,1,0,0,0,0,0,1,1,0,0
CHQ24_0566,2024,flotante,1,0,0,1,1,1,1,1,1,1,1,1,0,1,1,0
CHQ24_0567,2024,flotante,1,0,1,1,1,1,1,1,0,1,1,0,0,1,1,0
CHQ24_0568,2024,flotante,1,0,0,1,1,1,1,1,1,1,1,0,0,1,1,0
CHQ24_0569,2024,flotante,1,0,1,1,1,1,1,1,1,0,0,0,1,1,1,0
CHQ24_0570,2024,flotante,0,0,0,0,0,0,0,1,1,0,1,1,0,0,1,0
CHQ24_0571,2024,flotante,0,0,0,1,1,1,1,0,1,0,1,1,1,1,1,0
CHQ24_0572,2024,flotante,1,0,1,0,1,1,1,0,0,0,1,1,1,1,1,0
CHQ24_0573,2024,flotante,1,0,0,1,1,0,1,1,1,0,0,0,0,1,1,0
CHQ24_0574,2024,flotante,0,0,1,1,1,1,0,1,1,0,0,0,0,1,1,0
CHQ24_0575,2024,flotante,1,0,0,1,1,1,1,1,0,0,0,1,0,0,1,1
CHQ24_0576,2024,flotante,0,0,0,1,1,0,1,0,0,0,0,1,0,0,0,1
CHQ24_0577,2024,flotante,0,0,0,1,1,0,1,0,0,0,0,1,0,1,1,1
CHQ24_0578,2024,flotante,1,0,0,1,1,1,1,1,1,1,1,1,1,1,1,0
CHQ24_0579,2024,flotante,1,0,0,1,1,1,1,1,0,0,1,1,0,0,0,0
CHQ24_0580,2024,flotante,0,0,0,1,1,0,1,0,0,0,0,1,0,1,0,1
CHQ24_0581,2024,flotante,1,0,0,1,0,0,1,1,1,0,1,1,1,1,1,0
CHQ24_0582,2024,flotante,1,1,1,1,1,0,1,1,1,0,0,1,0,1,0,0
CHQ24_0583,2024,flotante,1,0,0,1,1,1,1,1,0,0,1,1,0,0,1,0
CHQ24_0584,2024,flotante,1,0,0,0,1,0,1,0,0,0,1,0,0,1,1,1
CHQ24_0585,2024,flotante,1,0,1,1,1,1,1,1,1,0,0,0,0,1,1,0
CHQ24_0586,2024,flotante,1,0,0,1,1,0,1,1,0,0,1,1,0,1,1,0
CHQ24_0587,2024,flotante,1,0,0,1,1,0,1,1,0,0,1,1,0,0,1,0
CHQ24_0588,2024,flotante,1,0,0,1,1,0,1,1,1,1,0,1,0,0,0,0
CHQ24_0589,2024,flotante,1,0,0,1,1,1,1,1,0,1,1,1,0,1,1,1
CHQ24_0590,2024,flotante,1,1,1,1,1,1,1,1,1,1,1,1,1,1,1,1
CHQ24_0591,2024,flotante,1,0,1,1,1,1,1,1,1,0,1,1,1,0,0,1
CHQ24_0592,2024,flotante,1,0,0,1,1,1,0,0,0,0,0,1,0,1,0,1
CHQ24_0593,2024,flotante,0,0,0,1,1,0,1,0,0,0,0,1,1,0,1,1
CHQ24_0594,2024,flotante,0,0,0,1,1,1,1,1,1,1,0,1,0,1,0,1
CHQ24_0595,2024,flotante,1,0,0,0,0,1,1,1,1,0,0,,1,1,1,0
CHQ24_0596,2024,flotante,0,0,0,1,1,0,1,1,1,0,0,1,1,0,0,1
CHQ24_0597,2024,flotante,0,0,1,1,1,1,1,1,1,0,0,1,1,0,0,1
CHQ24_0598,2024,flotante,1,1,0,1,1,0,1,1,0,1,1,1,0,0,1,1
CHQ24_0599,2024,flotante,1,1,0,1,1,1,1,1,1,1,1,1,1,1,1,1
CHQ24_0600,2024,flotante,1,0,1,1,1,1,1,1,1,0,1,1,1,1,0,0
CHQ24_0601,2024,flotante,0,0,0,0,1,0,1,0,0,0,0,1,0,1,1,1
CHQ24_0602,2024,flotante,1,0,0,0,1,1,1,0,0,0,0,1,0,0,1,0
CHQ24_0603,2024,flotante,0,0,0,0,1,0,0,0,0,0,0,0,0,0,0,0
CHQ24_0604,2024,flotante,1,1,1,1,1,1,1,1,1,1,1,0,0,0,1,1
CHQ24_0605,2024,flotante,1,0,1,0,0,1,1,1,1,1,1,0,0,1,1,0
CHQ24_0606,2024,flotante,0,0,1,1,1,0,1,0,0,0,0,0,0,0,1,0
CHQ24_0607,2024,flotante,1,0,1,1,1,1,1,1,1,1,1,1,1,1,1,1
CHQ24_0608,2024,flotante,1,0,1,1,1,0,1,1,0,0,1,1,0,1,1,0
CHQ24_0609,2024,flotante,1,0,1,1,1,1,1,1,1,1,1,1,1,1,1,0
CHQ24_0610,2024,flotante,1,0,0,1,1,1,1,1,1,1,1,1,1,1,1,1
CHQ24_0611,2024,flotante,1,0,1,1,1,1,1,1,1,1,1,0,1,1,1,1
CHQ24_0612,2024,flotante,1,0,1,0,0,1,1,1,1,1,1,1,1,1,1,0
CHQ24_0613,2024,flotante,1,0,1,0,0,0,1,1,1,1,1,1,0,1,1,1
CHQ24_0614,2024,flotante,0,1,1,1,1,0,1,0,0,0,1,1,0,1,1,1
CHQ24_0615,2024,flotante,1,0,1,1,1,0,1,1,0,0,1,1,1,1,1,0
CHQ24_0616,2024,flotante,0,0,1,1,1,1,1,1,0,1,1,1,1,1,1,0
CHQ24_0617,2024,flotante,0,0,1,1,1,0,1,1,0,0,0,0,0,1,0,1
CHQ24_0618,2024,flotante,0,0,1,1,1,0,1,1,0,1,1,1,0,1,1,1
CHQ24_0619,2024,flotante,1,0,1,1,1,0,1,1,1,0,0,0,0,0,1,1
CHQ24_0620,2024,flotante,1,0,0,1,1,0,1,1,1,0,,0,0,1,0,0
CHQ24_0621,2024,flotante,1,0,0,1,1,0,1,1,1,1,0,1,0,0,0,1
CHQ24_0622,2024,flotante,0,0,1,1,1,1,1,1,0,1,1,1,1,1,1,1
CHQ24_0623,2024,flotante,1,0,0,1,1,0,1,0,0,0,0,0,0,0,0,0
CHQ24_0624,2024,flotante,0,0,1,1,1,0,1,1,0,0,0,0,0,0,0,1
CHQ24_0625,2024,flotante,1,0,0,1,1,1,1,1,1,1,1,1,1,1,1,0
CHQ24_0626,2024,flotante,0,0,1,1,1,1,1,0,0,1,1,1,1,1,0,1
CHQ24_0627,2024,flotante,1,1,1,1,1,1,1,1,1,1,1,0,1,1,0,0
CHQ24_0628,2024,flotante,1,1,1,1,1,0,1,1,1,0,0,1,0,0,0,1
CHQ24_0629,2024,flotante,1,0,1,1,1,1,1,0,0,0,1,1,0,1,1,1
CHQ24_0630,2024,flotante,0,0,1,1,1,1,1,1,0,0,1,1,1,1,0,1
CHQ24_0631,2024,flotante,0,0,0,1,1,1,1,1,0,0,1,1,0,1,1,0
CHQ24_0632,2024,flotante,0,0,1,1,1,0,1,1,0,0,0,1,0,1,1,0
CHQ24_0633,2024,flotante,0,0,0,0,1,1,1,0,0,1,1,0,0,0,1,0
CHQ24_0634,2024,flotante,1,0,0,0,1,1,1,1,0,0,0,0,0,1,1,0
CHQ24_0635,2024,flotante,1,0,0,1,1,1,1,1,0,1,1,1,0,1,1,1
CHQ24_0636,2024,flotante,1,1,0,1,1,1,1,0,0,0,0,0,0,1,1,0
CHQ24_0637,2024,flotante,0,1,1,1,1,0,1,0,0,0,1,0,0,1,1,0
CHQ24_0638,2024,flotante,1,0,0,1,1,0,1,0,0,1,1,1,0,1,1,0
CHQ24_0639,2024,flotante,0,0,1,1,1,1,1,1,0,1,0,1,1,1,1,1
CHQ24_0640,2024,flotante,1,0,1,0,0,1,1,1,1,1,1,1,0,1,1,0
CHQ24_0641,2024,flotante,0,0,1,1,1,1,1,1,0,0,1,1,1,1,1,1
CHQ24_0642,2024,flotante,1,0,1,0,1,1,1,1,1,1,0,1,1,1,1,0
CHQ24_0643,2024,flotante,1,0,0,0,1,0,1,0,0,0,1,1,0,1,0,0
CHQ24_0644,2024,flotante,0,0,1,1,1,,1,1,0,1,1,0,0,0,1,1
CHQ24_0645,2024,flotante,1,0,1,1,1,1,1,1,1,1,1,1,1,1,1,1
CHQ24_0646,2024,flotante,1,1,1,1,1,1,1,1,1,1,1,1,1,1,1,1
CHQ24_0647,2024,flotante,1,1,1,1,1,1,1,1,1,0,0,1,1,1,1,1
CHQ24_0648,2024,flotante,1,0,1,1,0,1,1,1,1,1,1,1,1,1,1,0
CHQ24_0649,2024,flotante,1,1,0,0,1,0,1,1,0,0,1,1,0,1,0,0
CHQ24_0650,2024,flotante,1,1,1,1,0,1,1,1,1,1,1,1,1,1,1,1
CHQ24_0651,2024,flotante,1,0,0,0,1,1,1,1,1,1,1,1,1,0,1,0
CHQ24_0652,2024,flotante,1,0,1,1,1,1,1,1,1,1,1,1,1,1,1,1
CHQ24_0653,2024,flotante,1,0,0,0,1,1,1,1,1,1,1,1,1,1,1,0
CHQ24_0654,2024,flotante,0,0,1,1,1,0,1,0,0,0,0,0,0,1,1,1
CHQ24_0655,2024,flotante,1,0,0,0,1,0,1,1,0,0,0,1,1,1,0,0
CHQ24_0656,2024,flotante,0,1,1,1,1,0,1,1,1,0,1,1,0,1,1,1
CHQ24_0657,2024,flotante,0,0,1,1,1,1,1,0,0,0,0,1,1,1,1,1
CHQ24_0658,2024,flotante,1,0,1,0,0,0,0,1,0,1,0,1,1,1,0,0
CHQ24_0659,2024,flotante,1,0,1,0,1,1,1,1,1,1,1,1,1,1,1,0
CHQ24_0660,2024,flotante,1,0,1,1,1,1,1,1,1,1,1,1,0,1,0,0
CHQ24_0661,2024,flotante,0,0,1,1,0,0,1,1,0,0,0,1,1,0,1,0
CHQ24_0662,2024,flotante,1,0,1,1,1,1,1,1,1,1,1,1,1,1,0,1
CHQ24_0663,2024,flotante,1,0,1,1,1,1,1,1,1,1,1,1,0,1,1,1
CHQ24_0664,2024,flotante,1,0,1,1,1,0,1,1,1,0,0,0,0,1,1,1
CHQ24_0665,2024,flotante,0,0,0,1,1,1,0,0,0,0,0,0,1,1,1,1
CHQ24_0666,2024,flotante,1,0,1,1,1,1,1,1,1,1,1,0,1,1,1,1
CHQ24_0667,2024,flotante,0,0,0,0,1,0,0,1,1,0,0,0,0,0,1,1
CHQ24_0668,2024,flotante,0,0,0,0,1,0,1,0,0,0,0,1,1,1,1,1
CHQ24_0669,2024,flotante,0,0,0,1,1,1,0,1,1,0,1,1,0,1,1,1
CHQ24_0670,2024,flotante,1,0,0,1,1,1,1,1,1,0,1,1,1,1,1,1
CHQ24_0671,2024,flotante,0,0,1,1,1,1,1,1,1,0,1,1,1,1,1,1
CHQ24_0672,2024,flotante,0,0,1,1,1,1,1,1,0,0,1,1,1,1,0,1
CHQ24_0673,2024,flotante,0,0,0,1,0,0,1,1,1,0,0,0,0,1,1,1
CHQ24_0674,2024,flotante,1,0,0,1,1,1,1,1,0,1,1,1,1,1,1,1
CHQ24_0675,2024,flotante,1,0,1,1,1,1,1,0,0,1,1,1,1,1,1,1
CHQ24_0676,2024,flotante,1,0,0,0,0,1,1,1,1,0,0,0,1,1,1,1
CHQ24_0677,2024,flotante,1,0,0,1,1,0,1,1,1,0,1,1,1,1,0,1
CHQ24_0678,2024,flotante,1,1,0,1,1,1,1,1,0,0,1,1,1,1,0,0
CHQ24_0679,2024,flotante,1,0,0,1,1,0,1,1,0,1,1,1,0,1,1,0
CHQ24_0680,2024,flotante,1,0,0,1,1,0,1,0,0,0,1,0,1,1,1,0
CHQ24_0681,2024,flotante,0,0,0,0,0,0,0,0,0,0,0,0,0,0,1,0
CHQ24_0682,2024,flotante,1,0,0,1,1,0,1,1,0,0,1,0,0,1,1,0
CHQ24_0683,2024,flotante,0,0,1,1,1,0,1,1,0,1,0,0,1,1,1,0
CHQ24_0684,2024,flotante,1,0,1,1,1,0,1,0,0,0,0,1,0,1,1,0
CHQ24_0685,2024,flotante,1,0,0,0,0,0,1,1,1,0,0,0,1,1,1,0
CHQ24_0686,2024,flotante,1,0,1,1,1,1,1,1,1,1,1,1,1,1,1,0
CHQ24_0687,2024,flotante,1,0,1,1,1,0,0,1,0,0,0,0,1,1,0,0
CHQ24_0688,2024,flotante,1,1,1,1,1,1,1,1,1,1,1,1,0,1,1,0
CHQ24_0689,2024,flotante,1,0,0,0,0,1,1,1,0,1,0,1,1,1,0,0
CHQ24_0690,2024,flotante,0,0,0,1,1,0,0,1,1,0,0,1,0,0,1,0
CHQ24_0691,2024,flotante,1,0,0,1,1,0,1,1,1,0,0,0,0,1,1,0
CHQ24_0692,2024,flotante,1,0,0,1,1,1,1,1,0,0,1,1,1,1,1,0
CHQ24_0693,2024,flotante,1,1,0,1,1,0,1,0,0,0,1,0,1,1,1,0
CHQ24_0694,2024,flotante,1,1,0,1,1,1,1,1,1,1,1,1,1,1,0,0
CHQ24_0695,2024,flotante,1,0,0,0,0,1,1,0,0,0,1,1,1,1,1,0
CHQ24_0696,2024,flotante,0,0,0,1,1,0,1,0,0,0,1,1,0,1,1,0
CHQ24_0697,2024,flotante,1,0,1,1,1,0,1,1,0,0,0,1,1,1,1,1
CHQ24_0698,2024,flotante,1,0,0,1,1,1,1,1,1,0,1,0,1,1,1,0
CHQ24_0699,2024,flotante,0,0,0,1,1,0,1,0,0,0,0,1,1,0,1,1
CHQ24_0700,2024,flotante,1,0,1,1,0,0,1,0,0,0,0,1,0,1,0,0
CHQ24_0701,2024,flotante,1,0,0,0,1,0,1,1,1,0,1,1,1,1,0,1
CHQ24_0702,2024,flotante,1,0,1,1,1,0,1,1,0,0,1,1,1,1,0,1
CHQ24_0703,2024,flotante,1,0,1,1,1,1,1,1,1,1,1,1,1,0,1,1
CHQ24_0704,2024,flotante,1,0,0,1,1,1,1,1,1,0,1,1,1,1,1,0
CHQ24_0705,2024,flotante,0,0,0,0,1,0,1,1,1,0,1,1,1,0,0,1
CHQ24_0706,2024,flotante,1,0,1,1,1,1,0,1,1,0,0,1,0,1,1,1
CHQ24_0707,2024,flotante,1,0,0,1,1,1,1,1,1,1,1,1,1,1,1,0
CHQ24_0708,2024,flotante,1,0,0,0,0,0,1,0,0,0,1,0,0,1,1,0
CHQ24_0709,2024,flotante,0,0,0,1,1,0,1,0,0,1,0,1,0,1,0,0
CHQ24_0710,2024,flotante,0,0,0,0,1,1,1,1,1,0,0,0,0,1,0,1
CHQ24_0711,2024,flotante,1,1,1,1,1,1,1,0,0,1,1,1,1,1,1,0
CHQ24_0712,2024,flotante,1,0,0,1,1,1,1,1,0,0,0,1,1,1,,0
CHQ24_0713,2024,flotante,1,0,1,0,1,1,1,1,1,1,0,1,1,1,1,0
CHQ24_0714,2024,flotante,0,0,1,1,1,0,1,0,0,0,0,0,1,1,0,0
CHQ24_0715,2024,flotante,0,0,1,0,1,1,1,1,1,1,1,0,0,1,0,0
CHQ24_0716,2024,flotante,1,0,1,1,1,0,1,0,0,0,1,1,0,1,1,1
CHQ24_0717,2024,flotante,1,0,0,1,1,0,1,0,0,0,1,1,1,1,1,0
CHQ24_0718,2024,flotante,0,0,0,1,1,1,1,1,0,0,1,1,0,1,1,0
CHQ24_0719,2024,flotante,1,0,1,1,1,0,1,0,0,0,1,1,0,1,0,0
CHQ24_0720,2024,flotante,1,1,0,0,1,1,1,1,1,1,0,1,1,1,1,0
CHQ24_0721,2024,flotante,1,0,1,1,1,1,1,1,1,0,1,1,1,1,1,0
CHQ24_0722,2024,flotante,0,0,0,1,0,0,0,0,0,0,0,1,0,1,1,0
CHQ24_0723,2024,flotante,1,0,0,0,1,0,1,1,0,0,0,0,0,0,0,0
CHQ24_0724,2024,flotante,0,0,0,1,1,0,1,1,1,0,0,1,0,0,1,0
CHQ24_0725,2024,flotante,0,0,1,1,1,0,1,1,0,1,1,1,1,1,1,1
CHQ24_0726,2024,flotante,1,0,1,0,1,1,1,0,1,0,0,1,1,1,1,0
CHQ24_0727,2024,flotante,0,0,0,1,1,0,1,1,0,0,1,0,0,0,1,0
CHQ24_0728,2024,flotante,0,0,1,1,1,1,1,1,1,1,1,1,1,1,1,1
CHQ24_0729,2024,flotante,0,0,1,1,1,1,1,1,1,1,1,1,1,1,1,1
CHQ24_0730,2024,flotante,0,0,0,0,1,0,1,1,1,0,1,1,0,1,0,1
CHQ24_0731,2024,flotante,1,1,0,1,1,1,1,1,1,1,1,1,0,1,1,0
CHQ24_0732,2024,flotante,0,0,0,0,1,0,1,0,0,1,0,0,0,1,1,1
CHQ24_0733,2024,flotante,0,0,1,1,1,0,1,1,0,0,0,0,0,0,1,1
CHQ24_0734,2024,flotante,0,0,1,1,1,0,1,0,0,1,1,1,1,1,1,0
CHQ24_0735,2024,flotante,1,1,0,1,1,1,1,0,0,0,1,1,0,1,1,0
CHQ24_0736,2024,flotante,1,0,1,1,1,1,1,0,0,0,0,0,0,1,1,1
CHQ24_0737,2024,flotante,1,1,0,1,1,0,1,0,0,0,0,0,1,1,1,1
CHQ24_0738,2024,flotante,1,0,1,1,1,1,1,1,0,1,1,1,0,1,1,1
CHQ24_0739,2024,flotante,0,0,0,1,1,0,0,0,0,0,0,0,0,0,1,0
CHQ24_0740,2024,flotante,0,0,1,1,1,1,1,1,0,1,1,1,0,1,1,1
CHQ24_0741,2024,flotante,1,0,0,1,1,1,1,1,0,0,0,1,0,1,1,1
CHQ24_0742,2024,flotante,1,0,0,1,0,1,1,1,1,0,1,1,1,1,1,0
CHQ24_0743,2024,flotante,0,0,0,0,1,1,1,1,1,0,1,1,1,1,0,1
CHQ24_0744,2024,flotante,0,0,0,1,1,1,1,1,1,0,1,1,1,1,1,0
CHQ24_0745,2024,flotante,0,0,0,1,1,0,1,1,1,0,0,0,1,1,0,1
CHQ24_0746,2024,flotante,1,0,1,1,1,1,1,1,1,1,1,1,1,1,1,1
CHQ24_0747,2024,flotante,1,1,0,0,0,1,1,1,1,0,1,1,1,1,1,0
CHQ24_0748,2024,flotante,0,0,1,1,1,0,1,1,0,0,0,0,0,1,1,1
CHQ24_0749,2024,flotante,1,0,0,0,1,1,1,1,0,0,0,1,1,1,1,1
CHQ24_0750,2024,flotante,0,0,0,1,1,1,1,1,0,0,0,1,0,1,1,0
CHQ24_0751,2024,flotante,0,0,0,1,1,1,1,1,0,0,1,1,1,1,0,1
CHQ24_0752,2024,flotante,0,0,1,1,1,1,1,1,0,1,1,1,0,1,0,1
CHQ24_0753,2024,flotante,0,0,1,1,1,1,1,0,0,0,0,0,1,1,1,1
CHQ24_0754,2024,flotante,1,0,0,0,1,1,1,1,0,0,0,1,1,1,1,1
CHQ24_0755,2024,flotante,1,0,0,0,0,1,1,1,,0,1,1,0,1,1,0
CHQ24_0756,2024,flotante,0,0,0,0,1,0,1,0,0,0,0,0,0,1,1,0
CHQ24_0757,2024,flotante,0,0,1,1,1,1,1,1,1,0,1,1,1,1,1,1
CHQ24_0758,2024,flotante,1,0,0,1,1,1,1,1,0,0,1,0,1,1,1,1
CHQ24_0759,2024,flotante,1,0,0,1,1,1,1,0,1,0,1,1,0,1,1,1
CHQ24_0760,2024,flotante,0,0,0,1,1,0,1,1,1,0,1,1,1,1,1,1
CHQ24_0761,2024,flotante,1,0,1,1,1,0,0,0,1,0,1,1,1,1,1,0
CHQ24_0762,2024,flotante,1,0,1,1,1,0,1,0,0,0,0,1,1,1,1,0
CHQ24_0763,2024,flotante,1,0,1,1,1,1,1,1,1,0,1,1,1,1,1,1
CHQ24_0764,2024,flotante,0,0,0,0,0,0,1,0,0,1,0,1,1,0,1,1
CHQ24_0765,2024,flotante,0,0,1,1,1,1,1,0,0,0,0,1,1,0,1,0
CHQ24_0766,2024,flotante,0,0,0,1,1,0,0,0,0,0,0,0,0,1,1,0
CHQ24_0767,2024,flotante,1,1,1,1,1,1,1,0,1,0,1,0,0,0,0,0
CHQ24_0768,2024,flotante,1,1,1,1,1,1,1,1,1,1,1,1,1,1,1,0
CHQ24_0769,2024,flotante,1,0,0,1,1,1,1,1,0,1,1,0,0,1,1,1
CHQ24_0770,2024,flotante,1,0,1,1,0,0,1,0,0,1,0,1,0,,1,1
CHQ24_0771,2024,flotante,1,0,0,1,1,0,1,0,0,0,1,1,1,1,1,1
CHQ24_0772,2024,flotante,1,0,0,1,1,0,1,0,0,0,1,0,0,0,0,0
CHQ24_0773,2024,flotante,0,0,0,1,1,0,1,0,0,0,0,1,0,1,1,1
CHQ24_0774,2024,flotante,1,0,0,0,1,1,1,0,1,0,0,0,0,1,1,0
CHQ24_0775,2024,flotante,1,0,1,1,1,1,1,1,1,0,0,1,0,1,1,0
CHQ24_0776,2024,flotante,0,0,0,1,1,0,0,0,0,0,0,0,0,0,1,1
CHQ24_0777,2024,flotante,1,0,1,1,1,1,1,1,1,0,0,1,1,1,1,0
CHQ24_0778,2024,flotante,1,0,0,0,0,1,1,1,0,1,0,1,0,1,1,0
CHQ24_0779,2024,flotante,0,0,0,1,1,0,1,0,0,0,0,0,0,0,1,0
CHQ24_0780,2024,flotante,0,0,0,1,1,0,1,1,0,0,1,1,0,1,0,1
CHQ24_0781,2024,flotante,0,0,0,1,1,0,1,0,0,0,1,1,0,1,1,0
CHQ24_0782,2024,flotante,1,0,0,1,1,0,1,0,0,1,1,1,1,1,1,1
CHQ24_0783,2024,flotante,1,1,0,0,1,1,1,1,1,1,0,0,1,0,1,1
CHQ24_0784,2024,flotante,0,0,0,1,1,1,1,1,0,0,1,0,0,0,0,1
CHQ24_0785,2024,flotante,0,0,0,0,1,1,1,1,1,1,1,1,0,1,1,0
CHQ24_0786,2024,flotante,1,0,0,1,1,1,1,1,1,1,1,1,0,0,1,0
CHQ24_0787,2024,flotante,0,0,1,0,0,1,1,1,1,0,1,1,1,0,1,1
CHQ24_0788,2024,flotante,1,0,0,0,0,0,1,0,0,0,0,0,0,0,1,0
CHQ24_0789,2024,flotante,1,0,1,1,1,1,1,0,0,0,1,1,1,1,1,0
CHQ24_0790,2024,flotante,0,0,1,1,1,0,0,0,0,0,1,1,1,1,0,0
CHQ24_0791,2024,flotante,1,1,1,1,1,1,1,1,1,1,1,1,1,1,1,0
CHQ24_0792,2024,flotante,1,0,0,0,1,1,1,1,1,1,0,0,1,1,1,1
CHQ24_0793,2024,flotante,1,0,1,1,1,1,1,1,1,0,0,1,1,1,1,0
CHQ24_0794,2024,flotante,0,0,0,1,1,1,1,1,1,1,0,0,0,1,1,1
CHQ24_0795,2024,flotante,0,0,0,0,1,0,1,1,,0,0,0,1,1,1,1
CHQ24_0796,2024,flotante,1,0,0,1,0,1,1,1,1,0,1,1,0,0,0,0
CHQ24_0797,2024,flotante,1,0,0,0,1,1,1,1,1,1,1,1,1,1,0,1
CHQ24_0798,2024,flotante,1,1,0,1,0,0,1,1,1,0,1,1,1,1,1,0
CHQ24_0799,2024,flotante,1,0,0,0,0,1,1,1,1,1,1,1,0,0,0,1
CHQ24_0800,2024,flotante,1,0,0,0,1,1,1,1,1,1,0,1,0,1,1,0
CHQ24_0801,2024,flotante,0,0,1,1,1,0,1,1,0,0,0,1,0,1,1,1
CHQ24_0802,2024,flotante,1,1,0,0,1,1,1,1,1,0,0,0,1,1,1,1
CHQ24_0803,2024,flotante,0,0,0,1,1,1,1,,,,1,1,1,1,1,1
CHQ24_0804,2024,flotante,1,0,0,1,1,1,1,0,1,0,1,1,0,1,1,0
CHQ24_0805,2024,flotante,1,0,1,1,1,0,0,1,0,1,1,1,1,1,0,0
CHQ24_0806,2024,flotante,1,1,0,1,1,1,1,1,1,1,1,0,1,1,1,1
CHQ24_0807,2024,flotante,0,0,1,1,1,1,1,1,1,0,1,1,0,1,1,1
CHQ24_0808,2024,flotante,0,0,1,1,1,0,1,0,,0,0,1,0,1,1,1
CHQ24_0809,2024,flotante,0,0,1,1,1,1,1,0,0,1,1,0,0,1,1,0
CHQ24_0810,2024,flotante,1,0,1,1,0,1,1,1,1,1,1,1,1,1,1,0
CHQ24_0811,2024,flotante,1,0,1,1,1,1,1,1,1,1,1,1,0,0,1,0
CHQ24_0812,2024,flotante,1,0,0,0,1,,1,0,0,0,0,1,0,1,,0
CHQ24_0813,2024,flotante,1,0,0,1,1,1,1,0,1,0,0,1,0,0,1,0
CHQ24_0814,2024,flotante,1,1,0,1,1,1,1,1,1,1,0,1,0,1,1,1
CHQ24_0815,2024,flotante,0,0,0,1,1,1,1,1,0,0,1,0,0,1,1,1
CHQ24_0816,2024,flotante,1,0,0,1,1,0,1,1,1,0,1,1,1,1,1,0
CHQ24_0817,2024,flotante,0,0,1,1,0,1,1,1,0,0,1,1,1,1,1,0
CHQ24_0818,2024,flotante,0,0,0,1,1,1,1,1,1,1,1,1,1,1,1,0
CHQ25_0819,2025,flotante,0,0,0,0,1,1,1,1,1,1,1,1,1,1,1,1
CHQ25_0820,2025,flotante,0,0,1,1,1,0,0,0,0,0,0,0,1,1,1,1
CHQ25_0821,2025,flotante,0,0,1,0,1,1,1,0,0,1,1,1,0,1,1,1
CHQ25_0822,2025,flotante,1,1,1,1,1,1,1,1,1,1,1,1,1,1,1,1
CHQ25_0823,2025,flotante,0,0,1,1,1,1,1,1,1,1,1,1,1,1,1,1
CHQ25_0824,2025,flotante,0,0,1,1,1,0,1,1,1,0,1,1,0,1,0,1
CHQ25_0825,2025,flotante,0,0,1,0,1,1,1,1,1,1,1,1,1,1,0,1
CHQ25_0826,2025,flotante,0,0,1,1,1,1,1,1,0,1,1,1,1,1,1,1
CHQ25_0827,2025,flotante,0,0,1,1,1,1,1,1,0,0,0,0,0,1,1,1
CHQ25_0828,2025,flotante,0,0,1,1,1,0,1,0,0,0,0,1,0,1,1,1
CHQ25_0829,2025,flotante,0,0,1,1,1,1,1,1,0,0,1,1,0,0,1,1
CHQ25_0830,2025,flotante,1,0,0,1,1,1,1,1,1,1,1,1,1,1,1,1
CHQ25_0831,2025,flotante,0,0,1,1,1,1,1,1,1,1,1,1,1,1,0,1
CHQ25_0832,2025,flotante,1,0,1,1,1,1,1,1,1,0,0,1,0,1,1,1
CHQ25_0833,2025,flotante,0,0,1,1,1,0,0,1,0,0,1,1,0,1,1,1
CHQ25_0834,2025,flotante,1,0,1,1,1,1,1,1,1,0,1,1,0,1,1,1
CHQ25_0835,2025,flotante,1,0,1,1,1,0,1,1,1,0,0,0,0,1,0,0
CHQ25_0836,2025,flotante,0,0,1,1,1,1,1,1,1,1,1,1,1,1,1,0
CHQ25_0837,2025,flotante,0,0,1,1,1,1,1,1,1,1,1,1,1,1,1,0
CHQ25_0838,2025,flotante,1,1,1,1,1,1,1,1,1,1,1,0,0,1,1,0
CHQ25_0839,2025,flotante,0,1,0,1,1,0,1,1,1,0,1,1,0,1,1,0
CHQ25_0840,2025,flotante,0,0,1,1,1,1,1,1,0,0,0,0,0,1,0,0
CHQ25_0841,2025,flotante,1,0,1,1,1,1,1,1,1,0,1,0,0,0,0,0
CHQ25_0842,2025,flotante,1,0,0,0,1,0,1,1,1,0,1,1,1,1,0,0
CHQ25_0843,2025,flotante,0,0,1,1,1,0,1,0,0,0,0,0,0,1,1,0
CHQ25_0844,2025,flotante,0,0,0,1,1,0,1,0,0,0,0,1,0,1,1,0
CHQ25_0845,2025,flotante,1,0,1,0,0,1,1,1,1,0,1,1,0,1,1,0
CHQ25_0846,2025,flotante,1,1,0,0,0,1,1,1,1,1,1,1,1,1,1,0
CHQ25_0847,2025,flotante,0,0,0,1,1,1,1,1,0,0,0,1,1,1,1,0
CHQ25_0848,2025,flotante,0,0,1,1,1,0,1,1,1,1,1,1,1,1,1,0
CHQ25_0849,2025,flotante,1,0,0,0,1,1,1,1,1,0,1,0,0,1,0,0
CHQ25_0850,2025,flotante,0,0,1,1,1,1,1,1,1,0,1,1,0,1,1,0
CHQ25_0851,2025,flotante,0,0,1,1,1,1,1,1,1,0,0,1,0,0,1,0
CHQ25_0852,2025,flotante,1,0,0,1,1,1,1,1,0,0,0,1,0,1,1,0
CHQ25_0853,2025,flotante,1,0,0,1,1,1,1,1,0,1,1,1,0,0,1,0
CHQ25_0854,2025,flotante,0,0,0,0,1,0,1,0,0,0,0,0,0,1,0,0
CHQ25_0855,2025,flotante,1,0,1,1,1,1,1,1,1,0,1,1,0,0,0,0
CHQ25_0856,2025,flotante,0,0,1,1,1,0,0,0,0,0,1,0,0,0,1,0
CHQ25_0857,2025,flotante,1,1,1,1,1,1,1,1,1,0,1,1,0,1,0,0
CHQ25_0858,2025,flotante,0,0,1,1,1,0,1,0,0,0,0,0,0,1,1,0
CHQ25_0859,2025,flotante,0,0,0,1,1,1,1,1,1,0,1,1,0,0,1,0
CHQ25_0860,2025,flotante,0,0,1,1,1,1,1,1,1,0,1,1,0,1,1,0
CHQ25_0861,2025,flotante,1,1,1,1,1,1,1,1,0,1,1,1,1,1,1,0
CHQ25_0862,2025,flotante,0,0,1,1,1,1,1,1,0,1,1,1,1,1,1,0
CHQ25_0863,2025,flotante,1,0,1,1,1,0,0,0,0,0,0,0,0,0,1,0
CHQ25_0864,2025,flotante,1,0,0,1,1,0,1,1,0,1,1,1,1,1,1,0
CHQ25_0865,2025,flotante,0,0,1,1,1,1,0,1,1,0,1,1,0,1,0,0
CHQ25_0866,2025,flotante,1,1,0,1,1,1,1,1,1,1,1,1,1,1,1,0
CHQ25_0867,2025,flotante,1,0,0,1,1,1,1,1,1,1,1,1,1,1,1,1
CHQ25_0868,2025,flotante,1,0,1,1,1,1,1,1,1,1,1,1,1,1,1,1
CHQ25_0869,2025,flotante,1,0,0,0,1,0,1,1,0,0,0,1,0,1,1,1
CHQ25_0870,2025,flotante,1,0,1,1,1,1,1,1,1,0,0,1,0,1,1,0
CHQ25_0871,2025,flotante,1,0,0,0,1,1,1,1,1,1,0,1,1,1,1,1
CHQ25_0872,2025,flotante,0,0,0,1,1,0,1,1,1,0,0,1,1,1,1,1
CHQ25_0873,2025,flotante,0,0,1,1,1,1,1,1,1,1,1,0,1,1,1,1
CHQ25_0874,2025,flotante,0,0,1,1,1,1,0,0,0,0,0,0,0,1,0,0
CHQ25_0875,2025,flotante,1,0,0,0,1,1,1,1,1,0,0,0,0,1,0,0
CHQ25_0876,2025,flotante,0,1,1,1,1,0,1,1,0,0,0,1,0,1,1,1
CHQ25_0877,2025,flotante,0,0,0,0,1,0,0,1,1,0,1,1,1,1,1,1
CHQ25_0878,2025,flotante,1,0,0,1,1,1,1,1,1,1,1,1,0,0,0,1
CHQ25_0879,2025,flotante,1,1,1,1,1,1,1,1,1,0,1,1,0,1,1,1
CHQ25_0880,2025,flotante,1,0,0,0,1,1,1,1,1,1,1,1,1,1,1,0
CHQ25_0881,2025,flotante,0,0,1,1,0,1,1,1,0,0,1,1,1,1,1,1
CHQ25_0882,2025,flotante,0,0,1,1,1,0,1,1,0,0,1,1,1,1,1,0
CHQ25_0883,2025,flotante,0,0,1,0,1,1,1,1,0,0,1,1,0,1,1,0
CHQ25_0884,2025,flotante,0,0,0,0,1,0,0,0,0,0,0,0,0,0,0,0
CHQ25_0885,2025,flotante,0,0,1,0,1,1,1,1,1,1,1,1,1,1,1,1
CHQ25_0886,2025,flotante,0,0,1,1,1,0,1,1,1,0,1,0,0,0,0,1
CHQ25_0887,2025,flotante,0,0,1,1,1,0,0,1,1,0,1,0,0,1,1,1
CHQ25_0888,2025,flotante,0,0,1,0,0,1,1,0,0,1,1,0,1,0,1,0
CHQ25_0889,2025,flotante,1,1,0,0,0,1,1,1,1,1,1,1,1,1,1,1
CHQ25_0890,2025,flotante,0,0,1,1,1,1,1,1,1,0,1,1,0,1,1,1
CHQ25_0891,2025,flotante,1,0,0,1,1,1,1,1,1,0,1,0,0,1,1,1
CHQ25_0892,2025,flotante,1,1,0,1,1,0,1,1,1,0,1,1,0,1,0,0
CHQ25_0893,2025,flotante,0,0,1,1,1,0,0,0,0,0,1,0,0,1,1,1
CHQ25_0894,2025,flotante,1,0,0,1,1,1,1,1,0,1,1,1,1,1,1,0
CHQ25_0895,2025,flotante,0,0,0,0,1,0,0,0,0,0,0,0,0,0,0,0
CHQ25_0896,2025,flotante,1,0,0,0,1,0,0,0,0,0,0,0,0,0,,0
CHQ25_0897,2025,flotante,0,0,0,1,1,1,1,1,0,0,0,1,0,0,1,0
CHQ25_0898,2025,flotante,0,0,1,1,1,1,1,1,1,1,1,1,0,0,1,1
CHQ25_0899,2025,flotante,0,0,1,1,1,0,1,0,0,0,0,1,0,1,1,1
CHQ25_0900,2025,flotante,0,0,1,1,1,1,1,0,0,0,1,1,0,1,0,1
CHQ25_0901,2025,flotante,0,0,1,0,1,1,1,1,1,1,1,1,0,1,1,0
CHQ25_0902,2025,flotante,0,0,0,1,1,0,1,1,1,0,1,1,0,1,1,1
CHQ25_0903,2025,flotante,0,0,0,0,1,0,0,0,0,0,0,0,0,0,,0
CHQ25_0904,2025,flotante,1,1,1,0,1,1,1,1,1,0,0,0,0,1,1,0
CHQ25_0905,2025,flotante,0,0,1,1,1,1,1,0,0,0,0,0,1,1,1,0
CHQ25_0906,2025,flotante,0,0,0,1,1,0,1,1,1,0,1,1,1,0,0,1
CHQ25_0907,2025,flotante,0,0,0,1,1,1,0,1,1,1,0,0,0,1,1,1
CHQ25_0908,2025,flotante,0,0,0,1,1,1,0,1,1,0,1,1,0,1,0,1
CHQ25_0909,2025,flotante,1,0,1,1,1,0,1,1,1,1,1,0,0,0,0,0
CHQ25_0910,2025,flotante,1,0,1,1,1,1,1,1,1,0,0,1,0,0,1,1
CHQ25_0911,2025,flotante,0,0,0,1,1,0,1,1,0,0,1,1,0,0,0,0
CHQ25_0912,2025,flotante,0,0,1,1,1,1,1,1,1,1,0,0,0,1,1,1
CHQ25_0913,2025,flotante,0,0,0,0,1,0,1,1,0,0,0,1,0,0,0,1
CHQ25_0914,2025,flotante,0,0,0,1,1,0,1,1,0,0,1,1,0,0,0,1
CHQ25_0915,2025,flotante,1,0,1,1,1,0,1,1,0,0,1,0,0,0,0,1
CHQ25_0916,2025,flotante,0,0,1,1,1,1,1,1,1,1,0,0,0,0,1,1
CHQ25_0917,2025,flotante,1,0,0,1,1,1,1,1,1,1,1,1,1,1,1,1
CHQ25_0918,2025,flotante,1,0,1,1,1,1,1,1,1,1,1,1,1,1,1,0
CHQ25_0919,2025,flotante,0,0,1,1,1,1,1,1,1,0,1,1,1,1,0,1
CHQ25_0920,2025,flotante,1,0,0,0,1,1,1,1,1,1,1,1,1,1,1,0
CHQ25_0921,2025,flotante,0,0,0,1,1,1,1,1,1,0,1,1,0,1,0,1
CHQ25_0922,2025,flotante,0,0,1,1,1,0,1,1,1,1,1,1,0,0,0,1
CHQ25_0923,2025,flotante,1,0,0,0,1,1,1,0,0,0,1,1,0,1,1,0
CHQ25_0924,2025,flotante,0,0,1,1,1,1,1,1,1,0,0,1,1,1,1,1
CHQ25_0925,2025,flotante,0,0,0,1,1,0,1,1,1,0,1,1,0,0,1,0
CHQ25_0926,2025,flotante,0,0,1,1,1,0,0,0,0,0,0,0,0,0,0,0
CHQ25_0927,2025,flotante,0,0,1,1,1,0,1,0,0,0,1,1,0,0,1,1
CHQ25_0928,2025,flotante,1,1,1,1,1,1,1,1,1,1,1,1,0,1,1,1
CHQ25_0929,2025,flotante,1,0,1,1,0,0,1,1,1,1,1,1,1,1,0,1
CHQ25_0930,2025,flotante,1,0,0,0,0,1,1,0,0,1,0,1,1,1,1,0
CHQ25_0931,2025,flotante,1,0,1,1,1,1,1,1,1,1,1,1,1,1,1,1
CHQ25_0932,2025,flotante,1,0,1,1,1,1,1,1,1,1,0,0,1,1,1,1
CHQ25_0933,2025,flotante,1,0,0,0,1,0,1,1,0,0,1,1,1,0,1,1
CHQ25_0934,2025,flotante,1,0,0,1,1,0,0,1,1,0,0,1,1,1,1,0
CHQ25_0935,2025,flotante,1,1,1,1,1,1,1,1,1,1,1,1,1,1,1,1
CHQ25_0936,2025,flotante,1,0,1,0,1,1,1,1,1,1,1,1,1,1,1,0
CHQ25_0937,2025,flotante,1,0,0,1,1,1,1,1,1,1,1,1,1,1,1,0
CHQ25_0938,2025,flotante,1,0,1,1,1,0,1,1,1,0,0,1,1,0,1,0
CHQ25_0939,2025,flotante,1,0,0,0,1,1,1,1,1,0,1,1,1,1,1,0
CHQ25_0940,2025,flotante,0,0,1,1,1,0,1,1,1,1,1,1,1,1,1,1
CHQ25_0941,2025,flotante,1,0,0,1,1,1,1,1,0,0,1,1,0,0,1,1
CHQ25_0942,2025,flotante,0,1,1,1,1,1,1,1,1,1,1,1,1,1,1,1
CHQ25_0943,2025,flotante,0,0,0,1,1,1,1,1,1,0,1,1,1,1,1,1
CHQ25_0944,2025,flotante,0,0,1,1,1,1,1,0,0,0,1,0,1,1,1,1
CHQ25_0945,2025,flotante,1,0,1,1,1,1,1,1,1,1,1,1,1,1,1,0
CHQ25_0946,2025,flotante,0,0,0,1,1,0,1,1,1,1,1,1,1,0,1,1
CHQ25_0947,2025,flotante,0,0,0,0,1,0,1,1,0,0,0,1,0,1,1,1
CHQ25_0948,2025,flotante,0,0,0,1,1,0,1,1,1,0,0,0,1,1,1,1
CHQ25_0949,2025,flotante,0,0,1,1,1,1,1,1,1,1,1,1,1,1,1,0
CHQ25_0950,2025,flotante,1,0,0,1,1,1,1,1,1,1,1,1,1,1,1,0
CHQ25_0951,2025,flotante,1,0,0,1,1,1,1,1,1,1,1,1,1,1,1,1
CHQ25_0952,2025,flotante,1,0,0,1,1,1,1,1,1,0,0,0,0,1,1,0
CHQ25_0953,2025,flotante,1,0,1,1,1,0,1,0,0,0,1,0,1,0,1,0
CHQ25_0954,2025,flotante,0,0,0,1,1,1,1,1,1,1,1,1,1,1,0,0
CHQ25_0955,2025,flotante,1,0,1,1,1,1,1,1,1,1,1,1,0,1,0,1
CHQ25_0956,2025,flotante,0,0,0,1,1,0,1,0,0,0,1,0,0,0,1,1
CHQ25_0957,2025,flotante,0,0,1,1,1,1,1,1,1,,1,1,1,0,1,1
CHQ25_0958,2025,flotante,0,0,1,1,1,1,1,1,1,0,1,1,1,1,1,1
CHQ25_0959,2025,flotante,0,0,1,1,1,1,1,1,,,1,1,0,0,0,1
CHQ25_0960,2025,flotante,0,0,1,1,1,0,1,1,1,1,1,0,0,1,1,1
CHQ25_0961,2025,flotante,0,1,1,1,1,1,1,1,1,1,1,1,1,1,1,1
CHQ25_0962,2025,flotante,1,0,1,1,1,0,1,1,0,0,1,1,1,0,0,1
CHQ25_0963,2025,flotante,0,0,0,1,1,1,1,1,1,0,1,1,0,1,0,1
CHQ25_0964,2025,flotante,1,0,1,1,1,1,1,1,1,1,1,1,1,0,1,1
CHQ25_0965,2025,flotante,0,0,0,1,1,1,1,1,1,1,0,1,0,1,1,1
CHQ25_0966,2025,flotante,1,1,1,1,1,1,1,1,1,1,1,1,1,1,1,1
CHQ25_0967,2025,flotante,0,1,0,0,0,0,1,1,1,1,0,1,1,1,1,1
CHQ25_0968,2025,flotante,0,0,0,0,1,1,1,1,1,0,1,1,1,1,0,1
CHQ25_0969,2025,flotante,1,0,0,0,1,1,1,1,0,0,0,0,1,1,1,1
CHQ25_0970,2025,flotante,0,0,0,1,1,1,1,1,0,0,1,1,0,0,1,1
CHQ25_0971,2025,flotante,0,1,1,1,1,1,1,1,1,1,1,1,1,1,1,1
CHQ25_0972,2025,flotante,0,1,0,1,1,1,1,1,1,0,0,1,1,0,0,1
CHQ25_0973,2025,flotante,0,0,1,1,1,1,1,1,1,1,1,0,1,1,1,1
CHQ25_0974,2025,flotante,1,0,0,1,1,1,1,1,1,0,0,0,0,0,0,1
CHQ25_0975,2025,flotante,0,0,1,1,1,1,1,0,0,0,0,0,0,0,1,1
CHQ25_0976,2025,flotante,0,0,1,1,1,0,1,1,1,0,0,1,1,1,1,1
CHQ25_0977,2025,flotante,0,0,1,1,1,0,0,0,0,0,0,0,0,0,1,1
CHQ25_0978,2025,flotante,1,0,1,1,1,1,1,0,1,0,1,0,0,1,1,0
CHQ25_0979,2025,flotante,1,0,1,1,1,1,1,1,1,1,0,0,1,1,0,0
CHQ25_0980,2025,flotante,1,0,0,1,0,1,1,1,1,1,1,1,0,1,0,0
CHQ25_0981,2025,flotante,0,0,0,0,1,1,1,1,1,0,1,1,1,1,1,0
CHQ25_0982,2025,flotante,0,0,1,1,1,0,1,1,0,0,0,1,0,0,1,0
CHQ25_0983,2025,flotante,1,0,0,0,1,1,1,1,1,1,1,1,1,1,0,0
CHQ25_0984,2025,flotante,1,0,0,1,1,0,1,1,1,1,0,1,1,1,1,0
CHQ25_0985,2025,flotante,1,0,0,1,1,0,1,0,0,0,1,0,0,1,0,0
CHQ25_0986,2025,flotante,0,0,0,0,1,0,0,1,1,0,1,0,0,0,1,0
CHQ25_0987,2025,flotante,1,0,0,1,1,1,1,0,0,0,0,0,0,0,0,0
CHQ25_0988,2025,flotante,0,0,1,1,1,0,0,0,0,0,0,0,0,1,1,0
CHQ25_0989,2025,flotante,0,0,0,0,1,0,1,1,1,1,1,1,1,1,0,0
CHQ25_0990,2025,flotante,1,0,1,0,1,0,1,1,1,0,0,1,0,1,1,0
CHQ25_0991,2025,flotante,1,0,0,0,1,1,1,1,1,1,1,1,1,1,1,0
CHQ25_0992,2025,flotante,1,0,0,0,1,1,1,1,1,0,1,0,0,0,1,0
CHQ25_0993,2025,flotante,0,0,1,1,1,0,1,1,,,1,1,0,1,0,0
CHQ25_0994,2025,flotante,0,0,0,1,1,0,0,0,0,0,0,0,0,0,1,0
CHQ25_0995,2025,flotante,1,0,1,1,1,1,1,1,1,1,0,1,1,1,1,0
CHQ25_0996,2025,flotante,1,1,0,0,1,1,1,1,1,1,1,1,1,1,0,0
CHQ25_0997,2025,flotante,1,1,1,1,1,1,1,1,1,1,1,0,1,1,1,0
CHQ25_0998,2025,flotante,1,1,1,1,1,1,1,1,,1,1,0,0,1,1,0
CHQ25_0999,2025,flotante,0,0,0,0,1,0,1,1,1,0,1,0,1,1,1,0
CHQ25_1000,2025,flotante,1,0,0,0,1,1,0,0,0,0,1,0,0,0,0,0
CHQ25_1001,2025,flotante,1,0,0,0,1,1,1,1,1,1,1,1,1,1,0,0
CHQ25_1002,2025,flotante,0,0,1,1,1,1,1,1,1,0,1,1,0,1,1,1
CHQ25_1003,2025,flotante,1,0,1,1,1,1,1,0,0,0,1,0,0,0,1,0
CHQ25_1004,2025,flotante,1,0,0,0,1,1,1,1,1,1,1,1,0,1,1,0
CHQ25_1005,2025,flotante,0,0,1,1,1,0,1,0,0,0,1,0,1,1,1,0
CHQ25_1006,2025,flotante,1,0,0,1,1,0,1,0,,0,1,1,1,1,1,0
CHQ25_1007,2025,flotante,0,0,0,0,1,0,1,0,0,0,1,1,1,1,0,0
CHQ25_1008,2025,flotante,0,0,0,1,1,1,1,0,0,0,0,1,0,1,0,0
CHQ25_1009,2025,flotante,0,1,0,1,1,1,1,1,1,1,1,1,1,1,1,1
CHQ25_1010,2025,flotante,0,0,0,0,1,0,1,0,0,0,1,0,1,1,1,0
CHQ25_1011,2025,flotante,1,1,0,1,0,1,1,1,1,,0,1,1,1,0,0
CHQ25_1012,2025,flotante,0,0,0,0,1,0,1,0,0,0,0,0,0,0,0,0
CHQ25_1013,2025,flotante,0,0,0,0,1,1,1,1,1,1,1,1,1,1,1,0
CHQ25_1014,2025,flotante,0,0,0,1,1,0,1,0,1,0,0,1,0,0,1,1
CHQ25_1015,2025,flotante,1,0,1,1,1,0,1,0,0,0,0,1,0,1,0,1
CHQ25_1016,2025,flotante,1,0,1,1,1,1,1,1,1,0,0,1,0,0,1,1
CHQ25_1017,2025,flotante,0,0,1,1,1,0,1,1,1,0,0,1,0,1,1,1
CHQ25_1018,2025,flotante,1,1,1,1,1,1,1,1,1,0,0,1,1,1,1,1
CHQ25_1019,2025,flotante,0,0,1,1,1,0,1,1,1,0,0,0,0,1,1,1
CHQ25_1020,2025,flotante,1,0,0,1,1,1,1,0,0,1,0,1,0,0,1,1
CHQ25_1021,2025,flotante,1,0,1,0,1,0,1,1,1,0,1,0,1,1,1,0
CHQ25_1022,2025,flotante,1,0,0,1,1,1,1,1,1,1,1,1,0,0,0,0
CHQ25_1023,2025,flotante,1,0,0,1,1,1,1,1,1,0,0,0,0,0,1,0
CHQ25_1024,2025,flotante,0,0,0,1,1,1,1,1,1,1,1,1,1,1,1,0
CHQ25_1025,2025,flotante,1,0,1,1,1,0,1,0,,0,1,0,1,1,1,0
CHQ25_1026,2025,flotante,1,0,1,1,1,1,1,1,1,0,0,1,0,1,1,1
CHQ25_1027,2025,flotante,1,0,0,1,1,1,1,1,1,1,1,0,0,0,0,1
CHQ25_1028,2025,flotante,1,0,0,1,0,1,1,0,0,0,0,0,0,1,0,1
CHQ25_1029,2025,flotante,0,0,0,1,1,0,1,1,1,0,1,1,0,0,1,0
CHQ25_1030,2025,flotante,0,0,1,1,1,1,1,1,1,0,0,0,0,0,1,1
CHQ25_1031,2025,flotante,1,0,0,1,0,1,1,1,1,0,1,1,0,1,0,0
CHQ25_1032,2025,flotante,0,1,0,1,1,1,1,,,0,0,0,1,1,1,1
CHQ25_1033,2025,flotante,0,0,0,1,1,1,1,1,1,1,1,1,0,1,1,1
CHQ25_1034,2025,flotante,1,0,0,1,1,1,1,1,1,0,1,0,0,0,1,0
CHQ25_1035,2025,flotante,1,0,0,1,1,1,1,1,1,1,1,1,1,0,1,0
CHQ25_1036,2025,flotante,1,0,1,1,1,1,1,1,1,1,0,1,0,1,1,1
CHQ25_1037,2025,flotante,1,1,0,0,1,1,1,1,1,0,1,1,1,0,0,1
CHQ25_1038,2025,flotante,0,0,0,1,1,0,1,,,0,1,0,0,1,0,1
CHQ25_1039,2025,flotante,1,1,0,1,1,1,1,1,1,1,1,1,0,0,1,1
CHQ25_1040,2025,flotante,1,0,1,1,1,0,1,0,,0,0,0,0,1,0,1
CHQ25_1041,2025,flotante,1,1,0,0,1,1,1,1,1,0,1,1,1,0,0,1
CHQ25_1042,2025,flotante,1,0,0,1,1,1,0,1,1,0,1,1,1,1,0,0
CHQ25_1043,2025,flotante,1,0,0,0,0,0,1,0,0,0,0,1,0,0,0,0
CHQ25_1044,2025,flotante,1,0,1,0,0,1,0,0,0,0,0,1,0,0,0,0
CHQ25_1045,2025,flotante,1,0,0,1,1,1,1,1,1,1,1,1,1,1,1,1
CHQ25_1046,2025,flotante,1,0,0,0,1,1,1,1,1,0,0,0,0,0,1,1
CHQ25_1047,2025,flotante,1,0,1,0,0,1,1,0,0,0,1,1,1,0,1,1
CHQ25_1048,2025,flotante,0,0,0,1,1,1,1,1,1,1,1,1,1,1,1,1
CHQ25_1049,2025,flotante,0,0,1,1,1,0,1,0,0,0,0,0,0,1,0,1
CHQ25_1050,2025,flotante,1,0,0,1,1,1,1,1,1,0,1,1,1,0,1,1
CHQ25_1051,2025,flotante,1,0,1,1,1,1,1,0,0,1,1,0,0,0,1,1
CHQ25_1052,2025,flotante,0,0,0,1,1,1,1,1,1,0,1,1,1,1,1,1
CHQ25_1053,2025,flotante,0,0,0,0,1,0,1,1,1,0,0,1,0,1,1,1
CHQ25_1054,2025,flotante,0,0,0,0,1,1,1,1,0,1,1,0,0,0,1,1
CHQ25_1055,2025,flotante,1,1,1,1,1,1,1,0,1,,1,1,0,1,1,1
CHQ25_1056,2025,flotante,0,0,0,1,1,1,0,0,0,1,1,1,0,1,1,1
CHQ25_1057,2025,flotante,1,1,0,1,1,1,1,0,1,0,1,1,1,1,1,1
CHQ25_1058,2025,flotante,1,0,1,1,1,1,1,1,1,1,1,0,0,0,1,1
CHQ25_1059,2025,flotante,0,0,0,1,1,1,1,1,1,1,1,1,0,1,1,1
CHQ25_1060,2025,flotante,0,0,1,1,1,0,1,1,0,0,0,1,0,1,0,1
CHQ25_1061,2025,flotante,0,0,0,1,1,1,1,1,1,1,0,0,0,1,1,1
CHQ25_1062,2025,flotante,0,0,1,1,1,1,1,1,1,1,1,1,0,1,1,1
CHQ25_1063,2025,flotante,1,0,0,1,1,1,1,1,1,0,0,1,0,1,0,0
CHQ25_1064,2025,flotante,1,1,0,0,0,1,1,1,1,0,0,1,0,1,1,0
CHQ25_1065,2025,flotante,1,1,0,0,1,1,0,1,1,0,1,1,1,1,1,0
CHQ25_1066,2025,flotante,0,0,1,1,1,0,1,1,1,0,0,1,0,1,1,0
CHQ25_1067,2025,flotante,1,1,0,1,1,1,1,1,1,0,1,0,0,0,1,0
CHQ25_1068,2025,flotante,1,0,1,0,1,1,1,1,1,1,0,0,0,0,0,0
CHQ25_1069,2025,flotante,1,0,1,1,1,0,1,1,1,0,1,0,0,1,1,0
CHQ25_1070,2025,flotante,1,0,0,0,1,1,1,1,1,1,1,1,1,0,1,0
CHQ25_1071,2025,flotante,1,0,0,0,1,1,0,1,1,0,0,0,0,0,1,0
CHQ25_1072,2025,flotante,1,0,0,0,1,1,1,1,1,0,1,0,0,1,1,0
CHQ25_1073,2025,flotante,1,0,0,0,1,1,1,1,1,0,0,0,0,0,1,0
CHQ25_1074,2025,flotante,0,0,0,1,1,0,1,1,1,0,0,0,0,0,1,0
CHQ25_1075,2025,flotante,0,0,0,0,1,1,1,1,1,0,0,0,0,0,1,0
CHQ25_1076,2025,flotante,1,0,0,0,1,1,1,0,0,0,0,0,0,1,1,0
CHQ25_1077,2025,flotante,0,1,0,1,1,1,1,1,1,1,0,0,0,0,1,0
CHQ25_1078,2025,flotante,1,0,1,1,1,1,1,1,1,1,1,0,0,0,1,0
CHQ25_1079,2025,flotante,1,0,0,1,1,1,1,1,1,0,0,0,0,0,1,0
CHQ25_1080,2025,flotante,1,0,1,1,1,0,1,1,1,1,0,1,0,0,1,0
CHQ25_1081,2025,flotante,0,0,1,1,1,0,1,0,0,1,0,0,0,0,1,0
CHQ25_1082,2025,flotante,1,0,1,0,1,1,1,1,0,0,1,0,0,1,1,0
CHQ25_1083,2025,flotante,0,0,0,0,1,0,1,0,1,0,1,0,0,1,1,0
CHQ25_1084,2025,flotante,0,0,1,1,1,0,1,1,0,0,1,0,0,1,1,0
CHQ25_1085,2025,flotante,1,0,0,0,1,0,1,0,0,0,0,1,0,0,1,0
CHQ25_1086,2025,flotante,0,0,0,1,1,0,1,0,1,0,1,1,0,1,0,1
CHQ25_1087,2025,flotante,1,1,1,1,1,1,1,1,1,1,1,1,1,0,1,0
CHQ25_1088,2025,flotante,1,0,0,1,1,0,0,0,0,0,0,0,0,0,1,0
CHQ25_1089,2025,flotante,1,1,1,1,1,1,1,1,1,1,1,1,1,1,1,0
CHQ25_1090,2025,flotante,0,0,1,1,1,1,1,1,0,0,1,1,0,1,1,1
CHQ25_1091,2025,flotante,0,0,1,1,1,1,1,0,0,0,0,0,0,0,1,0
CHQ25_1092,2025,flotante,1,1,0,0,0,0,1,1,1,0,0,0,0,0,0,0
CHQ25_1093,2025,flotante,0,0,1,1,1,0,1,1,1,1,1,0,1,1,0,1
CHQ25_1094,2025,flotante,1,1,0,0,1,1,1,1,1,0,1,0,0,0,0,0
CHQ25_1095,2025,flotante,0,0,1,1,1,1,,0,0,1,1,1,1,1,1,0
CHQ25_1096,2025,flotante,0,0,0,1,1,1,1,1,1,0,0,0,0,0,1,0
CHQ25_1097,2025,flotante,1,0,0,1,1,1,1,1,1,1,1,1,1,1,0,1
CHQ25_1098,2025,flotante,1,0,0,1,1,1,0,0,0,0,0,0,0,0,0,0
CHQ25_1099,2025,flotante,0,0,1,1,1,1,1,1,1,1,1,1,0,0,1,1
CHQ25_1100,2025,flotante,0,0,1,1,1,1,1,1,1,1,0,0,1,1,1,1
CHQ25_1101,2025,flotante,1,0,1,1,1,0,1,1,0,0,0,0,0,0,0,0
CHQ25_1102,2025,flotante,1,0,0,1,1,1,0,0,0,0,0,1,0,1,1,0
CHQ25_1103,2025,flotante,1,0,0,1,1,1,1,1,1,0,0,0,0,0,0,1
CHQ25_1104,2025,flotante,0,0,0,1,0,0,1,1,1,1,1,1,0,1,1,1
CHQ25_1105,2025,flotante,0,0,0,0,1,0,1,1,0,0,1,1,0,1,0,1
CHQ25_1106,2025,flotante,0,0,0,0,1,0,1,0,0,0,0,0,0,0,1,0
CHQ25_1107,2025,flotante,1,0,0,0,1,0,1,0,1,0,1,1,0,1,0,0
CHQ25_1108,2025,flotante,1,0,1,1,1,1,1,1,0,0,1,1,0,1,1,0
CHQ25_1109,2025,flotante,1,0,1,1,1,1,1,1,1,1,1,1,1,0,1,1
CHQ25_1110,2025,flotante,0,0,1,1,1,1,1,1,,0,1,1,1,1,1,0
CHQ25_1111,2025,flotante,0,0,1,0,1,0,1,0,0,0,0,0,0,0,1,0
CHQ25_1112,2025,flotante,1,1,0,1,1,1,0,0,0,0,0,0,0,1,1,0
CHQ25_1113,2025,flotante,0,0,0,1,1,1,1,1,1,1,1,1,1,0,1,1
CHQ25_1114,2025,flotante,1,0,0,1,1,1,1,1,1,0,0,0,0,0,0,1
CHQ25_1115,2025,flotante,1,0,0,0,1,1,1,1,0,0,0,0,1,1,1,0
CHQ25_1116,2025,flotante,1,0,0,1,1,0,1,0,0,0,0,0,1,0,0,0
CHQ25_1117,2025,flotante,1,0,0,1,1,0,1,0,0,0,1,1,1,1,1,1
CHQ25_1118,2025,flotante,0,0,0,1,1,1,1,1,1,0,0,0,1,1,0,1
CHQ25_1119,2025,flotante,1,0,0,0,1,1,1,1,1,0,0,0,0,0,1,1
CHQ25_1120,2025,flotante,1,1,1,0,0,1,1,1,1,0,0,0,1,1,0,0
CHQ25_1121,2025,flotante,1,0,0,1,1,1,1,1,1,1,1,0,1,0,0,0
CHQ25_1122,2025,flotante,0,0,0,0,1,0,1,1,1,0,0,0,1,1,0,1
CHQ25_1123,2025,flotante,1,0,1,1,1,0,1,0,1,0,0,0,0,0,0,1
CHQ25_1124,2025,flotante,1,0,1,1,1,1,1,1,1,1,1,0,0,0,1,0
CHQ25_1125,2025,flotante,1,0,0,1,1,1,1,1,1,1,1,1,1,1,1,0
CHQ25_1126,2025,flotante,1,1,0,0,1,0,1,,,0,1,0,1,1,0,0
CHQ25_1127,2025,flotante,1,0,0,0,1,0,1,1,1,1,0,0,0,0,1,0
CHQ25_1128,2025,flotante,1,0,0,1,1,0,1,1,1,0,0,0,0,1,0,1
CHQ25_1129,2025,flotante,1,0,0,0,0,1,1,1,1,1,1,1,1,1,1,1
CHQ25_1130,2025,flotante,1,0,0,0,1,1,1,1,1,1,1,1,1,1,0,1
CHQ25_1131,2025,flotante,1,1,1,1,1,1,1,1,1,0,0,0,1,0,1,1
CHQ25_1132,2025,flotante,0,0,1,1,1,0,1,0,0,0,0,1,0,0,1,1
CHQ25_1133,2025,flotante,0,0,0,0,1,0,1,0,0,0,0,0,0,0,1,0
CHQ25_1134,2025,flotante,0,0,0,1,1,1,1,1,1,0,0,1,0,0,1,1
CHQ25_1135,2025,flotante,1,0,1,1,1,0,1,1,0,1,1,1,1,1,1,0
CHQ25_1136,2025,flotante,1,0,1,1,1,1,1,1,0,0,1,1,1,0,0,1
CHQ25_1137,2025,flotante,0,0,1,1,1,0,1,1,1,0,1,1,0,0,1,1
CHQ25_1138,2025,flotante,1,1,1,1,1,1,1,1,1,1,1,1,1,1,1,1
CHQ25_1139,2025,flotante,0,0,1,1,1,0,1,0,0,0,1,1,1,0,1,1
CHQ25_1140,2025,flotante,1,0,0,0,1,1,1,0,1,0,0,0,0,1,0,0
CHQ25_1141,2025,flotante,0,1,0,0,1,1,1,1,0,1,1,1,1,1,1,1
CHQ25_1142,2025,flotante,0,0,1,1,1,1,1,1,1,1,1,1,1,0,1,0
CHQ25_1143,2025,flotante,1,0,1,1,1,1,1,1,1,1,1,1,1,1,0,0
CHQ25_1144,2025,flotante,0,0,1,1,1,1,1,1,1,0,1,0,0,0,0,1
CHQ25_1145,2025,flotante,0,0,0,1,1,0,1,1,1,1,1,1,1,0,1,1
CHQ25_1146,2025,flotante,1,0,0,1,1,0,1,0,0,0,0,0,0,1,1,0
CHQ25_1147,2025,flotante,1,0,1,1,1,1,1,1,1,0,1,0,0,1,1,0
CHQ25_1148,2025,flotante,0,1,1,0,1,0,1,0,0,1,1,0,0,0,0,1
CHQ25_1149,2025,flotante,0,0,1,1,1,1,1,1,1,1,1,1,1,1,1,1
CHQ25_1150,2025,flotante,1,0,0,1,0,1,1,1,1,1,1,1,1,1,0,1
CHQ25_1151,2025,flotante,1,1,0,0,0,1,1,1,1,1,1,1,1,1,1,0
CHQ25_1152,2025,flotante,1,0,1,0,1,1,1,1,1,1,1,1,1,1,1,0
CHQ25_1153,2025,flotante,0,0,0,1,1,1,1,1,1,1,1,1,1,1,1,0
CHQ25_1154,2025,flotante,1,1,1,1,1,1,1,1,1,1,1,1,1,1,1,0
CHQ25_1155,2025,flotante,1,0,1,1,1,1,1,1,1,1,1,1,0,1,1,0
CHQ25_1156,2025,flotante,1,0,0,1,1,0,1,1,0,0,1,1,0,1,1,0
CHQ25_1157,2025,flotante,0,0,1,1,1,0,1,0,0,0,1,1,0,1,1,0
CHQ25_1158,2025,flotante,0,0,1,1,1,0,1,1,0,0,1,0,0,1,1,1
CHQ25_1159,2025,flotante,0,0,0,0,0,1,1,1,0,0,0,1,1,1,1,1
CHQ25_1160,2025,flotante,0,0,0,0,1,1,1,0,0,0,1,1,0,0,1,0
CHQ25_1161,2025,flotante,1,0,0,0,1,1,1,1,1,0,1,0,0,1,0,0
CHQ25_1162,2025,flotante,0,0,1,1,1,1,1,1,1,1,1,0,1,1,1,0
CHQ25_1163,2025,flotante,1,0,1,0,1,0,1,1,1,1,0,0,1,0,1,0
CHQ25_1164,2025,flotante,0,0,1,0,1,1,1,1,1,1,1,1,1,1,1,1
CHQ25_1165,2025,flotante,0,0,0,1,1,0,0,1,1,1,0,1,0,1,1,1
CHQ25_1166,2025,flotante,1,0,0,0,1,1,1,1,1,1,1,1,1,1,1,1
CHQ25_1167,2025,flotante,0,0,1,1,1,0,0,1,0,0,0,1,1,1,1,1
CHQ25_1168,2025,flotante,0,0,0,0,0,0,0,0,0,0,0,0,0,0,0,0
CHQ25_1169,2025,flotante,1,1,0,0,1,1,1,1,1,1,1,1,1,1,0,0
CHQ25_1170,2025,flotante,0,0,1,1,1,1,1,1,0,0,1,1,1,1,0,0
CHQ25_1171,2025,flotante,1,0,0,0,1,1,1,1,1,1,0,0,0,1,0,1
CHQ25_1172,2025,flotante,0,1,1,1,1,1,1,1,1,0,1,1,0,1,1,0
CHQ25_1173,2025,flotante,0,1,1,1,1,1,1,1,0,0,1,1,1,1,1,1
CHQ25_1174,2025,flotante,1,1,0,0,1,1,1,1,,0,0,1,0,1,1,1
CHQ25_1175,2025,flotante,0,0,1,1,1,1,1,1,0,1,1,1,1,1,1,1
CHQ25_1176,2025,flotante,1,1,0,0,0,1,1,1,,1,0,1,,1,1,0
CHQ25_1177,2025,flotante,1,1,0,0,1,1,1,1,1,1,1,1,0,1,1,1
CHQ25_1178,2025,flotante,0,0,0,0,1,0,1,0,0,0,0,0,1,0,1,1
CHQ25_1179,2025,flotante,1,1,1,1,1,1,1,1,1,0,1,0,0,0,1,0
CHQ25_1180,2025,flotante,0,0,1,1,1,1,1,1,0,0,1,1,1,0,1,1
CHQ25_1181,2025,flotante,1,0,0,1,1,1,1,1,1,0,1,1,1,0,1,0
CHQ25_1182,2025,flotante,1,1,1,0,1,0,1,0,0,0,0,0,0,1,0,0
CHQ25_1183,2025,flotante,1,0,1,1,1,1,1,1,1,1,1,1,1,1,1,0
CHQ25_1184,2025,flotante,0,0,1,0,1,0,0,0,0,0,0,0,0,1,0,0
CHQ25_1185,2025,flotante,0,0,0,1,1,1,1,0,0,0,0,0,1,1,0,0
CHQ25_1186,2025,flotante,1,0,0,1,1,1,0,1,1,0,1,1,1,1,0,0
CHQ25_1187,2025,flotante,1,0,0,1,1,1,1,1,1,0,1,0,1,0,1,1
CHQ25_1188,2025,flotante,1,0,0,1,1,1,1,1,1,0,0,0,0,0,1,1
CHQ25_1189,2025,flotante,1,0,0,1,1,1,1,1,1,1,1,1,1,1,0,1
CHQ25_1190,2025,flotante,1,0,1,1,1,1,1,1,1,1,0,0,0,0,0,0
CHQ25_1191,2025,flotante,1,0,1,1,1,1,1,1,1,1,1,1,1,1,1,0
CHQ25_1192,2025,flotante,1,0,1,1,1,1,1,1,1,1,0,0,0,0,1,0
CHQ25_1193,2025,flotante,1,0,1,1,1,0,0,1,1,0,0,0,0,0,1,1
CHQ25_1194,2025,flotante,1,0,1,1,1,1,1,1,1,1,1,1,1,1,0,1
CHQ25_1195,2025,flotante,1,1,1,1,1,1,1,1,1,0,1,1,0,1,1,0
CHQ25_1196,2025,flotante,0,0,0,1,0,0,1,1,1,1,0,0,0,0,1,0
CHQ25_1197,2025,flotante,1,1,1,1,1,1,1,1,1,0,1,1,0,1,1,0
CHQ25_1198,2025,flotante,1,1,1,1,1,1,1,1,1,1,1,1,0,0,0,0
CHQ25_1199,2025,flotante,0,0,0,1,1,0,1,0,0,0,1,0,0,1,1,1
CHQ25_1200,2025,flotante,1,0,1,0,1,0,1,1,1,0,1,1,1,1,1,0
CHQ25_1201,2025,flotante,1,0,1,1,1,1,1,1,1,1,1,1,1,1,1,0
CHQ25_1202,2025,flotante,0,1,1,1,1,0,0,1,1,0,1,0,0,1,1,0
CHQ25_1203,2025,flotante,0,0,1,1,1,1,1,1,1,1,1,1,1,1,1,1
CHQ25_1204,2025,flotante,1,1,0,0,1,1,1,1,1,1,1,0,0,1,1,0
CHQ25_1205,2025,flotante,0,0,1,0,1,1,1,1,1,1,1,1,0,1,1,1
CHQ25_1206,2025,flotante,0,0,0,1,1,1,1,1,1,,0,1,0,1,0,1
CHQ25_1207,2025,flotante,1,0,0,0,0,1,1,1,1,1,1,1,1,1,1,0
CHQ25_1208,2025,flotante,0,0,1,1,1,0,1,1,1,0,0,0,0,1,1,1
CHQ25_1209,2025,flotante,0,0,0,1,1,0,1,1,1,0,1,1,1,0,0,1
CHQ25_1210,2025,flotante,0,0,0,0,1,1,1,0,0,0,0,0,1,1,1,0
CHQ25_1211,2025,locales,0,1,1,1,1,1,1,1,1,0,1,1,1,1,1,0
CHQ25_1212,2025,locales,0,0,1,1,1,1,1,0,0,0,0,0,0,1,0,0
CHQ25_1213,2025,locales,0,0,1,1,1,0,1,1,0,0,0,1,1,1,1,0
CHQ25_1214,2025,locales,0,0,1,1,1,1,1,0,0,0,1,0,1,1,0,0
CHQ25_1215,2025,locales,1,1,0,0,1,1,1,1,1,0,0,1,1,1,1,1
CHQ25_1216,2025,locales,1,0,1,1,1,1,1,1,0,1,1,0,0,1,0,1
CHQ25_1217,2025,locales,0,0,1,1,1,1,1,1,1,0,1,0,0,1,0,0
CHQ25_1218,2025,locales,1,0,1,1,1,1,1,1,1,1,1,1,0,1,1,0
CHQ25_1219,2025,locales,0,0,1,1,1,1,1,1,1,0,1,0,1,1,1,0
CHQ25_1220,2025,locales,1,0,0,1,1,0,1,1,0,0,1,0,0,0,1,0
CHQ25_1221,2025,locales,1,0,1,1,1,1,1,1,1,1,0,0,0,1,1,0
CHQ25_1222,2025,locales,0,0,1,1,1,0,1,0,0,0,1,0,0,1,0,0
CHQ25_1223,2025,locales,0,0,0,1,1,1,1,0,0,0,1,0,1,1,1,0
CHQ25_1224,2025,locales,1,1,0,0,1,0,1,1,1,1,0,0,0,0,0,0
CHQ25_1225,2025,locales,1,1,0,0,0,1,1,0,1,1,0,0,0,0,0,0
CHQ25_1226,2025,locales,1,1,1,0,1,1,1,1,1,1,0,1,1,0,0,1
CHQ25_1227,2025,locales,1,1,0,1,1,1,1,0,1,1,1,0,1,0,1,1
CHQ25_1228,2025,locales,0,0,0,0,1,0,0,0,0,0,0,0,0,0,0,0
CHQ25_1229,2025,locales,1,1,1,1,1,0,1,0,1,0,0,1,1,0,1,1
CHQ25_1230,2025,locales,0,1,0,1,1,1,1,1,1,0,1,0,0,1,0,0
CHQ25_1231,2025,locales,1,0,0,1,1,1,1,0,1,0,0,0,0,0,0,0
CHQ25_1232,2025,locales,0,0,1,1,1,0,1,0,0,0,0,0,0,1,1,0
CHQ25_1233,2025,locales,0,1,1,1,0,0,1,1,1,1,0,0,0,0,0,0
CHQ25_1234,2025,locales,1,1,0,0,0,0,0,,1,0,0,0,,0,1,0
CHQ25_1235,2025,locales,0,1,1,1,1,1,1,1,1,0,0,1,1,1,1,0
CHQ25_1236,2025,locales,0,0,1,0,1,1,1,0,0,0,1,0,1,1,1,1
CHQ25_1237,2025,locales,0,0,0,0,1,0,1,1,1,0,0,1,0,1,0,1
CHQ25_1238,2025,locales,0,0,1,1,1,0,1,0,0,0,0,0,0,1,0,0
CHQ25_1239,2025,locales,1,1,1,1,1,0,0,0,0,0,1,1,0,0,0,1
CHQ25_1240,2025,locales,0,0,0,0,1,0,1,0,0,0,0,,0,0,0,0
CHQ25_1241,2025,locales,1,0,1,1,1,1,1,1,1,0,1,1,1,1,1,1
CHQ25_1242,2025,locales,1,1,0,1,1,1,1,1,1,1,1,1,1,0,1,0
CHQ25_1243,2025,locales,0,0,0,1,1,1,1,1,1,0,0,1,0,1,0,0
CHQ25_1244,2025,locales,1,1,0,1,1,0,1,1,1,1,0,1,0,1,1,0
CHQ25_1245,2025,locales,1,1,1,1,1,1,1,1,1,1,0,1,0,0,0,0
CHQ25_1246,2025,locales,1,1,1,1,1,1,1,1,1,1,1,0,0,1,1,1
CHQ25_1247,2025,locales,1,1,1,1,1,1,1,1,1,1,1,1,1,0,1,0
CHQ25_1248,2025,locales,1,1,1,1,1,1,1,1,1,1,1,0,1,1,1,1
CHQ25_1249,2025,locales,1,0,0,1,1,0,1,1,1,0,0,0,0,1,1,1
CHQ25_1250,2025,locales,0,0,1,1,1,0,0,0,0,0,0,0,0,0,1,0
CHQ25_1251,2025,locales,0,0,0,1,1,1,1,1,1,0,0,1,0,0,0,1
CHQ25_1252,2025,locales,0,1,0,1,1,1,1,1,1,0,0,1,0,0,0,0
CHQ25_1253,2025,locales,0,1,0,1,0,0,1,0,1,0,0,0,1,0,0,0
CHQ25_1254,2025,locales,0,0,1,1,1,0,0,0,0,0,0,0,0,0,0,0
CHQ25_1255,2025,locales,0,1,1,1,1,1,1,1,1,1,0,0,0,0,1,1
CHQ25_1256,2025,locales,0,1,1,1,1,0,1,1,1,0,1,0,0,0,1,0
CHQ25_1257,2025,locales,0,0,1,1,1,0,1,1,1,0,0,0,0,0,1,1
CHQ25_1258,2025,locales,1,1,0,0,1,1,1,1,1,1,1,1,1,0,1,1
CHQ25_1259,2025,locales,1,1,1,0,1,1,1,1,1,0,1,0,0,0,0,0
CHQ25_1260,2025,locales,0,0,1,1,1,1,1,1,1,0,0,1,1,1,0,1
CHQ25_1261,2025,locales,0,0,1,1,1,1,1,1,0,0,1,1,1,1,1,0
CHQ25_1262,2025,locales,1,1,1,0,1,0,1,1,1,0,1,1,0,1,1,0
CHQ25_1263,2025,locales,1,1,1,1,1,0,1,0,1,0,0,1,1,1,1,0
CHQ25_1264,2025,locales,0,0,1,1,1,1,1,1,1,1,0,1,1,1,1,0
CHQ25_1265,2025,locales,0,0,1,1,1,1,1,1,1,0,1,0,1,1,1,1
CHQ25_1266,2025,locales,1,0,0,1,1,1,1,1,1,1,1,1,1,0,1,1
CHQ25_1267,2025,locales,0,0,1,1,1,1,1,1,1,1,1,1,0,0,1,1
CHQ25_1268,2025,locales,0,0,1,1,1,0,1,1,1,0,1,0,1,1,1,0
CHQ25_1269,2025,locales,0,0,1,1,1,0,1,1,1,0,1,0,1,1,1,1
CHQ25_1270,2025,locales,1,0,1,0,1,0,1,0,1,1,1,1,1,1,0,1
CHQ25_1271,2025,locales,0,0,1,1,1,1,1,0,1,0,1,1,1,0,1,1
CHQ25_1272,2025,locales,0,0,1,1,1,0,1,0,0,0,1,0,0,0,0,1
CHQ25_1273,2025,locales,1,1,0,0,1,0,1,0,0,0,0,0,0,1,0,0
CHQ25_1274,2025,locales,0,0,1,1,1,1,1,1,1,1,1,1,1,1,1,1
CHQ25_1275,2025,locales,1,0,1,1,1,1,1,1,1,0,0,0,0,0,1,1
CHQ25_1276,2025,locales,1,1,1,1,1,1,1,1,1,1,1,1,1,1,1,0
CHQ25_1277,2025,locales,1,0,0,0,1,0,1,1,0,0,0,0,1,1,1,0
CHQ25_1278,2025,locales,1,1,0,0,0,1,1,1,1,1,1,1,1,1,1,0
CHQ25_1279,2025,locales,1,1,0,1,1,1,1,1,1,1,1,1,0,1,0,0
CHQ25_1280,2025,locales,1,1,1,1,1,0,1,1,1,1,0,0,1,0,1,1
CHQ25_1281,2025,locales,1,0,1,1,1,0,1,1,1,0,1,1,1,0,1,0
CHQ25_1282,2025,locales,1,0,0,0,1,1,1,1,1,1,1,1,0,0,0,1
CHQ25_1283,2025,locales,1,0,1,1,1,1,1,0,1,0,0,1,0,1,1,0
CHQ25_1284,2025,locales,1,1,1,0,1,1,1,1,1,0,1,0,1,0,1,0
CHQ25_1285,2025,locales,1,1,1,1,1,1,1,1,1,1,1,1,1,1,0,0
CHQ25_1286,2025,locales,1,0,0,1,1,1,1,1,0,0,1,1,1,1,1,0
CHQ25_1287,2025,locales,0,0,1,1,1,1,1,1,1,1,1,0,0,0,1,1
CHQ25_1288,2025,locales,1,0,0,0,1,1,1,0,0,0,1,0,1,1,1,0
CHQ25_1289,2025,locales,1,1,0,1,1,1,1,1,1,1,1,1,0,1,1,0
CHQ25_1290,2025,locales,1,1,0,0,1,1,1,1,0,0,1,0,1,0,1,1
CHQ25_1291,2025,locales,1,1,1,1,1,1,1,1,1,1,1,1,1,1,1,0
CHQ25_1292,2025,locales,0,0,0,0,1,0,1,1,0,0,1,0,0,1,0,0
CHQ25_1293,2025,locales,1,1,1,0,1,0,1,1,0,0,1,1,0,0,1,0
CHQ25_1294,2025,locales,1,1,1,1,1,1,1,1,0,0,1,1,0,1,0,1
CHQ25_1295,2025,locales,1,1,0,1,1,1,1,1,1,0,1,0,1,1,0,0
CHQ25_1296,2025,locales,1,1,0,0,1,1,1,1,1,0,0,0,0,0,1,1
CHQ25_1297,2025,locales,1,0,1,1,1,1,1,1,1,0,1,0,1,0,1,0
CHQ25_1298,2025,locales,1,1,1,1,1,1,1,1,1,1,1,0,1,0,1,0
CHQ25_1299,2025,locales,1,1,0,0,1,1,1,1,1,1,0,0,0,0,1,0
CHQ25_1300,2025,locales,0,0,1,1,0,1,1,1,1,1,0,0,0,0,1,0
CHQ25_1301,2025,locales,1,0,1,1,1,1,1,1,1,1,1,1,1,1,1,0
CHQ25_1302,2025,locales,1,0,1,1,1,1,1,1,1,1,1,1,1,1,1,0
CHQ25_1303,2025,locales,1,0,0,1,1,1,1,1,1,0,0,0,0,0,0,0
CHQ25_1304,2025,locales,0,1,1,1,1,1,1,1,1,1,1,1,1,1,1,1
CHQ25_1305,2025,locales,1,1,1,0,1,1,1,1,1,1,1,1,1,1,1,0
CHQ25_1306,2025,locales,0,1,1,1,1,0,1,1,1,0,1,0,1,1,1,1
CHQ25_1307,2025,locales,1,0,0,0,1,1,1,0,0,0,0,1,0,1,1,0
CHQ25_1308,2025,locales,0,0,0,1,1,1,1,1,0,0,1,1,1,1,0,1
CHQ25_1309,2025,locales,1,1,0,0,0,1,1,1,1,1,1,1,0,0,0,1
CHQ25_1310,2025,locales,1,1,0,0,1,1,1,1,1,0,1,0,1,1,1,1
CHQ25_1311,2025,locales,1,0,0,1,1,1,1,1,1,1,0,0,0,1,1,0
CHQ25_1312,2025,locales,1,1,0,1,1,1,1,1,1,1,1,1,1,1,0,1
CHQ25_1313,2025,locales,0,0,1,1,1,1,1,0,1,0,1,1,0,0,1,1
CHQ25_1314,2025,locales,0,0,1,1,1,0,1,0,0,0,0,1,0,1,0,1
CHQ25_1315,2025,locales,1,0,0,1,1,1,1,1,1,1,1,1,1,0,0,0
CHQ25_1316,2025,locales,1,1,1,1,1,1,1,1,1,0,0,1,1,1,1,0
CHQ25_1317,2025,locales,1,0,0,0,1,1,1,1,1,0,1,1,1,0,0,0
CHQ25_1318,2025,locales,0,0,1,1,1,1,1,1,1,0,1,0,1,1,1,0
CHQ25_1319,2025,locales,1,1,1,1,1,1,1,0,1,0,1,1,1,1,1,1
CHQ25_1320,2025,locales,1,1,0,1,1,1,1,1,1,1,1,1,1,0,0,0
CHQ25_1321,2025,locales,1,0,1,1,1,1,1,0,0,1,0,0,1,1,1,0
CHQ25_1322,2025,locales,1,0,1,0,1,1,1,1,1,1,1,0,1,1,1,0
CHQ25_1323,2025,locales,1,0,1,1,1,1,1,1,1,1,0,1,1,1,1,1
CHQ25_1324,2025,locales,1,1,1,1,1,0,1,1,1,0,1,0,1,1,1,0
CHQ25_1325,2025,locales,1,1,1,1,1,1,1,0,1,0,0,1,1,1,1,1
CHQ25_1326,2025,locales,1,1,1,1,1,1,1,1,1,0,0,0,0,0,1,0
CHQ25_1327,2025,locales,1,1,1,1,1,1,1,1,1,1,1,0,1,0,1,0
CHQ25_1328,2025,locales,1,0,1,1,1,0,1,0,0,0,0,1,1,0,0,1
CHQ25_1329,2025,locales,1,0,1,1,1,1,1,1,1,1,1,0,1,1,1,1
CHQ25_1330,2025,locales,0,0,1,1,1,1,1,1,1,0,1,0,1,0,0,0
CHQ25_1331,2025,locales,0,0,1,1,1,1,1,1,1,1,1,1,1,0,1,1
CHQ25_1332,2025,locales,0,0,1,1,1,1,1,1,1,1,1,1,1,1,1,1
CHQ25_1333,2025,locales,1,1,1,1,1,1,1,1,1,1,0,0,0,0,1,0
CHQ25_1334,2025,locales,1,0,0,1,0,1,1,1,1,1,1,1,1,1,0,1
CHQ25_1335,2025,locales,1,0,1,1,1,1,1,1,0,0,1,1,1,0,1,0
CHQ25_1336,2025,locales,1,1,1,1,1,1,1,1,1,0,1,0,1,0,1,0
CHQ25_1337,2025,locales,1,1,0,0,1,1,1,1,0,1,1,1,1,0,1,1
CHQ25_1338,2025,locales,0,0,1,1,1,1,1,1,1,0,0,1,1,0,1,1
CHQ25_1339,2025,locales,1,0,1,1,1,0,1,1,1,0,0,0,1,0,1,1
CHQ25_1340,2025,locales,0,0,0,1,1,1,1,1,1,1,1,1,1,1,1,0
CHQ25_1341,2025,locales,1,0,0,1,1,1,1,1,1,1,1,1,1,0,1,0
CHQ25_1342,2025,locales,1,0,1,0,1,1,1,0,0,0,1,1,0,0,1,0
CHQ25_1343,2025,locales,1,0,0,0,0,0,0,0,1,1,0,1,0,1,1,0
CHQ25_1344,2025,locales,1,1,0,1,1,1,1,0,,0,1,1,1,1,1,0
CHQ25_1345,2025,locales,0,1,1,1,1,1,1,,1,0,1,1,1,1,1,1
CHQ25_1346,2025,locales,0,0,1,1,1,0,1,0,0,0,0,0,0,1,0,1
CHQ25_1347,2025,locales,1,1,1,1,1,0,1,0,0,0,0,0,0,1,0,0
CHQ25_1348,2025,locales,1,1,1,1,1,1,1,1,1,1,1,1,1,1,1,0
CHQ25_1349,2025,locales,1,0,0,1,1,1,1,1,1,0,0,1,0,1,0,0
CHQ25_1350,2025,locales,0,1,1,1,1,1,1,0,0,0,1,0,1,0,1,1
CHQ25_1351,2025,locales,1,0,1,1,1,1,1,0,0,0,1,0,0,0,0,0
CHQ25_1352,2025,locales,1,0,1,0,1,1,1,1,1,0,0,1,1,1,1,0
CHQ25_1353,2025,locales,1,1,1,1,1,0,1,1,1,0,0,1,0,0,0,0
CHQ25_1354,2025,locales,1,0,0,1,1,1,1,1,1,1,0,1,0,1,1,0
CHQ25_1355,2025,locales,1,0,1,1,1,1,1,0,0,0,0,0,0,0,1,0
CHQ25_1356,2025,locales,1,1,1,1,1,1,1,1,,0,0,1,0,1,0,0
CHQ25_1357,2025,locales,1,0,1,1,1,1,1,0,1,0,0,0,0,1,1,0
CHQ25_1358,2025,locales,0,0,1,1,0,1,1,1,1,0,1,1,1,1,1,0
CHQ25_1359,2025,locales,1,1,1,0,1,1,1,1,1,0,1,0,0,0,1,1
CHQ25_1360,2025,locales,0,0,1,1,1,0,1,0,0,0,1,0,1,1,1,1
CHQ25_1361,2025,locales,1,1,0,1,1,1,1,1,1,1,1,1,1,1,1,0
CHQ25_1362,2025,locales,0,0,0,0,1,0,1,0,0,0,0,1,1,1,1,0
CHQ25_1363,2025,locales,1,1,0,1,1,1,1,0,1,0,0,1,0,1,1,0
CHQ25_1364,2025,locales,1,1,0,0,1,1,1,1,1,1,1,1,1,1,0,0
CHQ25_1365,2025,locales,1,1,0,0,1,1,1,0,1,0,0,0,0,1,1,0
CHQ25_1366,2025,locales,0,0,1,1,1,1,1,1,1,0,1,1,1,1,1,1
CHQ25_1367,2025,locales,0,0,1,1,1,1,1,1,1,0,1,1,1,1,1,1
CHQ25_1368,2025,locales,0,0,0,0,1,1,1,1,1,0,1,1,1,1,1,0
CHQ25_1369,2025,locales,0,0,0,0,1,1,1,1,1,0,0,1,1,1,0,0
CHQ25_1370,2025,locales,1,1,0,1,1,0,1,1,1,0,1,1,1,1,0,0
CHQ25_1371,2025,locales,1,1,0,1,1,1,1,1,0,0,1,1,1,0,1,1
CHQ25_1372,2025,locales,1,0,0,0,1,1,1,1,1,0,0,1,0,0,1,0
CHQ25_1373,2025,locales,0,0,1,1,1,0,1,0,0,0,1,0,0,1,0,0
CHQ25_1374,2025,locales,1,0,0,1,1,1,1,0,0,1,1,0,1,0,1,0
CHQ25_1375,2025,locales,1,1,1,0,1,1,1,1,1,1,0,0,1,1,1,0
CHQ25_1376,2025,locales,0,1,1,0,1,1,0,1,1,1,1,1,1,0,1,0
CHQ25_1377,2025,locales,1,0,0,0,1,1,1,1,1,1,1,1,0,1,0,0
CHQ25_1378,2025,locales,1,0,1,1,1,1,1,1,1,1,1,1,1,1,1,0
CHQ25_1379,2025,locales,1,1,1,1,1,1,1,0,,0,1,0,0,0,0,1
CHQ25_1380,2025,locales,1,0,0,1,1,1,1,1,1,0,1,0,1,1,0,0
CHQ25_1381,2025,locales,0,1,0,0,1,1,1,0,0,0,1,0,0,0,0,0
CHQ25_1382,2025,locales,1,0,1,1,1,1,1,1,1,1,0,1,1,1,1,0
CHQ25_1383,2025,locales,1,1,1,1,1,1,1,0,1,1,1,0,0,0,1,0
CHQ25_1384,2025,locales,1,1,1,1,1,1,1,1,1,0,1,1,1,0,1,0
CHQ25_1385,2025,locales,1,0,0,1,1,1,1,0,0,0,1,1,1,1,1,0
CHQ25_1386,2025,locales,1,0,1,0,1,1,1,1,1,1,1,1,1,1,1,1
CHQ25_1387,2025,locales,0,0,0,0,1,1,1,1,1,0,1,1,1,0,0,0
CHQ25_1388,2025,locales,0,0,0,1,1,1,1,0,0,0,1,0,1,1,1,1
CHQ25_1389,2025,locales,0,0,1,1,1,0,1,1,1,1,1,1,1,1,1,0
CHQ25_1390,2025,locales,0,0,1,1,1,0,1,1,1,1,1,1,0,1,0,1
CHQ25_1391,2025,locales,1,0,0,1,1,1,1,0,0,0,1,1,0,1,0,1
CHQ25_1392,2025,locales,1,1,1,1,1,1,1,1,1,0,0,1,1,1,1,1
CHQ25_1393,2025,locales,0,0,1,1,1,1,1,1,0,0,1,1,0,1,1,0
CHQ25_1394,2025,locales,0,1,0,1,1,1,1,0,1,0,0,1,0,1,1,1
CHQ25_1395,2025,locales,0,1,1,1,1,1,1,1,0,0,1,0,1,1,0,0
CHQ25_1396,2025,locales,0,0,0,1,0,1,1,0,0,0,0,1,1,1,1,1
CHQ25_1397,2025,locales,1,1,1,0,1,1,1,1,1,1,1,1,1,1,1,1
CHQ25_1398,2025,locales,1,1,0,0,1,1,1,1,1,,1,1,1,1,0,1
CHQ25_1399,2025,locales,0,0,1,1,1,1,1,0,1,1,0,1,1,0,0,0
CHQ25_1400,2025,locales,1,0,1,1,1,1,1,1,1,0,1,1,0,1,1,0
CHQ25_1401,2025,locales,1,0,0,0,1,1,1,0,1,0,0,0,0,0,0,0
CHQ25_1402,2025,locales,0,0,1,1,1,1,1,1,1,0,0,1,1,0,1,0
CHQ25_1403,2025,locales,0,1,1,1,1,1,1,0,1,0,1,0,0,0,1,1
CHQ25_1404,2025,locales,0,0,1,1,1,1,1,0,0,0,1,0,1,1,1,1
CHQ25_1405,2025,locales,1,1,1,1,1,1,1,1,0,1,1,1,0,1,0,0
CHQ25_1406,2025,locales,0,1,0,1,1,1,1,1,1,0,1,0,0,0,0,0
CHQ25_1407,2025,locales,0,0,1,1,1,0,1,0,0,0,0,0,1,0,1,0
CHQ25_1408,2025,locales,1,1,0,0,1,1,1,1,1,1,1,1,0,0,0,1
CHQ25_1409,2025,locales,0,0,1,1,1,1,1,0,1,0,0,1,1,0,0,0
CHQ25_1410,2025,locales,1,0,0,1,1,1,1,1,1,0,1,1,1,1,0,1
CHQ25_1411,2025,locales,0,0,0,0,1,1,1,0,0,1,1,1,1,1,1,0
CHQ25_1412,2025,locales,1,0,1,1,1,1,1,1,1,1,1,1,1,0,0,1
CHQ25_1413,2025,locales,0,0,0,0,1,1,1,1,1,0,1,0,1,1,1,1
CHQ25_1414,2025,locales,0,0,0,0,0,1,1,1,1,0,0,0,0,0,0,1
CHQ25_1415,2025,locales,1,0,1,1,1,1,1,1,1,0,1,1,1,0,0,0
CHQ25_1416,2025,locales,0,0,1,1,1,1,1,1,1,1,1,1,0,1,1,1
CHQ25_1417,2025,locales,1,1,1,1,1,1,1,1,1,0,1,0,0,0,0,0
CHQ25_1418,2025,locales,1,1,1,1,1,1,1,1,1,1,1,1,1,0,0,0
CHQ25_1419,2025,locales,1,0,1,1,1,1,1,1,1,0,0,0,1,0,1,0
CHQ25_1420,2025,locales,1,1,0,1,1,0,1,0,0,0,0,1,1,0,0,0
CHQ25_1421,2025,locales,1,0,0,1,1,1,1,1,1,1,0,0,1,0,1,0
CHQ25_1422,2025,locales,1,0,1,1,1,1,1,1,1,1,1,1,1,1,0,0
CHQ25_1423,2025,locales,1,0,1,0,1,1,1,1,1,1,1,0,1,1,0,0
CHQ25_1424,2025,locales,1,1,1,1,1,1,1,1,1,1,1,0,1,1,1,0
CHQ25_1425,2025,locales,1,1,0,0,1,1,1,1,1,0,1,1,0,0,0,0
CHQ25_1426,2025,locales,1,1,1,1,1,1,1,1,1,1,1,1,1,1,1,1
CHQ25_1427,2025,locales,1,0,1,0,1,1,1,1,1,0,0,1,1,0,0,1
CHQ25_1428,2025,locales,1,0,0,1,1,0,1,0,1,0,1,1,1,0,0,1
CHQ25_1429,2025,locales,1,0,0,1,1,0,1,1,0,1,1,0,0,0,1,1
CHQ25_1430,2025,locales,0,0,1,1,1,1,1,1,0,1,0,0,1,0,0,0
CHQ25_1431,2025,locales,0,1,1,1,1,1,1,1,1,1,0,0,0,1,1,1
CHQ25_1432,2025,locales,0,0,1,1,1,1,1,1,0,0,0,1,1,0,0,0
CHQ25_1433,2025,locales,1,1,0,1,1,1,1,1,1,1,0,0,1,0,0,0
CHQ25_1434,2025,locales,1,1,1,0,0,0,1,1,1,0,1,0,0,0,0,0
CHQ25_1435,2025,locales,0,0,0,0,1,1,1,1,1,0,0,0,0,0,0,0
CHQ25_1436,2025,locales,0,0,0,0,0,0,1,0,0,0,1,0,1,0,0,1
CHQ25_1437,2025,locales,0,0,0,1,1,1,1,0,1,0,1,0,1,1,1,0
CHQ25_1438,2025,locales,0,0,1,1,1,0,0,0,0,0,0,0,0,0,1,0
CHQ25_1439,2025,locales,0,0,1,1,1,1,1,1,1,1,1,0,1,0,1,1
CHQ25_1440,2025,locales,1,1,1,0,0,1,0,1,1,0,0,1,0,0,0,0
CHQ25_1441,2025,locales,1,1,1,1,1,1,1,1,1,0,0,1,0,0,0,0
CHQ25_1442,2025,locales,0,0,0,1,1,1,1,1,0,1,0,0,1,1,1,0
CHQ25_1443,2025,locales,1,0,1,1,1,1,1,1,1,1,0,0,1,1,0,1
CHQ25_1444,2025,locales,0,0,0,0,1,0,0,0,0,0,0,0,0,0,0,1
CHQ25_1445,2025,locales,0,1,1,1,1,1,1,1,0,1,1,0,0,0,1,0
CHQ25_1446,2025,locales,1,0,1,1,1,1,1,1,1,0,0,1,0,0,1,0
CHQ25_1447,2025,locales,1,1,0,1,1,1,1,0,1,1,1,1,1,1,1,0
CHQ25_1448,2025,locales,1,0,1,0,1,0,1,0,0,0,0,0,1,1,0,0
CHQ25_1449,2025,locales,1,0,1,1,1,1,1,1,1,1,0,0,0,0,1,0
CHQ25_1450,2025,locales,0,0,1,0,1,0,1,1,1,0,0,0,0,0,1,0
CHQ25_1451,2025,locales,0,0,0,0,1,0,1,1,0,0,1,0,0,0,0,0
CHQ25_1452,2025,locales,1,1,1,1,1,0,1,1,1,0,1,1,0,0,1,0
CHQ25_1453,2025,locales,1,1,0,0,1,1,1,1,1,1,1,1,0,0,0,1
CHQ25_1454,2025,locales,0,0,1,1,1,1,0,0,0,0,1,0,1,0,0,0
CHQ25_1455,2025,locales,0,0,1,1,1,0,1,1,0,0,0,0,1,1,0,1
CHQ25_1456,2025,locales,1,0,1,1,1,1,1,1,1,0,1,0,1,1,1,0
CHQ25_1457,2025,locales,0,0,1,1,1,0,1,0,0,0,0,0,0,0,0,0
CHQ25_1458,2025,locales,0,0,1,1,0,1,1,1,1,0,0,1,0,0,0,1
CHQ25_1459,2025,locales,1,1,1,1,1,1,1,1,1,1,0,0,0,0,1,1
CHQ25_1460,2025,locales,0,0,1,1,1,0,1,0,0,0,0,0,0,1,1,0
CHQ25_1461,2025,locales,0,0,1,1,1,1,1,1,0,0,0,1,1,0,0,0
CHQ25_1462,2025,locales,1,0,1,1,1,1,1,1,1,1,1,0,0,0,0,1
CHQ25_1463,2025,locales,1,1,1,1,1,1,1,1,0,0,1,0,0,0,0,1
CHQ25_1464,2025,locales,1,0,0,1,1,0,1,0,0,0,0,1,0,0,1,1
CHQ25_1465,2025,locales,1,0,1,1,1,1,1,1,1,0,0,0,0,0,1,1
CHQ25_1466,2025,locales,1,1,0,0,1,1,1,1,1,0,0,0,1,0,0,0
CHQ25_1467,2025,locales,1,0,1,0,1,0,1,1,1,0,1,0,1,0,0,0
CHQ25_1468,2025,locales,1,0,1,1,0,1,1,1,0,0,0,0,1,1,0,1
CHQ25_1469,2025,locales,0,0,1,0,0,1,1,1,1,1,0,0,0,0,0,0
CHQ25_1470,2025,locales,0,0,0,0,1,0,1,1,0,1,1,1,1,0,0,0
CHQ25_1471,2025,locales,1,0,1,1,1,1,1,1,1,1,1,0,1,1,1,1
CHQ25_1472,2025,locales,1,1,1,1,1,1,1,1,1,0,1,1,1,1,0,1
CHQ25_1473,2025,locales,1,0,0,1,1,0,1,1,1,1,1,1,1,1,0,1
CHQ25_1474,2025,locales,1,1,0,1,1,0,1,1,1,1,0,0,0,1,0,1
CHQ25_1475,2025,locales,0,0,1,1,1,1,1,1,1,0,1,0,0,0,1,1
CHQ25_1476,2025,locales,1,0,1,1,1,1,1,1,1,0,0,0,1,0,1,1
CHQ25_1477,2025,locales,1,0,1,1,1,1,0,1,1,0,1,0,1,0,0,1
CHQ25_1478,2025,locales,1,1,0,1,1,1,1,1,0,0,1,0,0,0,1,1
CHQ25_1479,2025,locales,1,0,0,1,1,1,1,1,1,0,0,0,1,0,0,1
CHQ25_1480,2025,locales,1,0,1,1,1,1,1,1,1,0,1,0,1,1,1,0
CHQ25_1481,2025,locales,1,1,1,1,1,1,1,1,0,1,0,0,1,0,1,0
CHQ25_1482,2025,locales,1,0,1,1,1,1,1,1,1,1,1,1,1,1,0,1
CHQ25_1483,2025,locales,1,0,1,1,1,1,1,1,1,1,1,1,0,1,1,0
CHQ25_1484,2025,locales,1,1,0,1,1,0,1,0,0,0,1,0,0,1,0,0
CHQ25_1485,2025,locales,1,0,1,1,1,1,1,1,1,0,1,0,1,0,1,1
CHQ25_1486,2025,locales,0,0,1,1,1,1,1,1,1,0,1,0,0,0,1,0
CHQ25_1487,2025,locales,1,0,1,1,1,1,1,1,1,0,0,1,1,1,1,1
CHQ25_1488,2025,locales,1,0,0,0,1,1,1,1,1,1,1,1,1,0,1,0
CHQ25_1489,2025,locales,1,1,0,1,1,1,1,1,1,1,1,1,1,1,1,1
CHQ25_1490,2025,locales,0,1,0,1,1,1,1,1,1,1,1,0,1,0,0,0
CHQ25_1491,2025,locales,1,0,1,0,1,1,1,1,1,1,1,1,0,0,1,1
CHQ25_1492,2025,locales,1,1,1,1,1,1,1,1,1,0,0,1,1,0,1,0
CHQ25_1493,2025,locales,1,1,1,1,1,0,1,1,1,0,1,0,1,1,0,1
CHQ25_1494,2025,locales,1,0,1,1,1,1,1,1,0,0,0,0,1,0,1,1
CHQ25_1495,2025,locales,1,0,0,1,1,1,1,0,1,1,1,0,1,0,0,1
CHQ25_1496,2025,locales,1,0,0,1,1,1,1,0,1,0,0,1,1,1,0,0
CHQ25_1497,2025,locales,1,0,1,1,1,1,1,1,1,0,0,1,0,0,0,1
CHQ25_1498,2025,locales,1,1,1,0,0,1,1,1,1,0,0,0,1,1,0,1
CHQ25_1499,2025,locales,1,0,1,1,0,1,1,1,1,0,1,0,0,0,0,1
CHQ25_1500,2025,locales,1,0,0,1,1,1,1,1,1,0,1,1,1,1,0,0
CHQ25_1501,2025,locales,1,1,0,0,1,1,1,1,1,1,1,0,0,0,0,0
CHQ25_1502,2025,locales,1,0,0,0,1,1,1,1,1,0,0,0,0,0,1,0
CHQ25_1503,2025,locales,1,0,0,0,1,1,1,1,0,0,0,0,0,0,1,1
CHQ25_1504,2025,locales,1,0,0,0,1,1,1,1,1,0,1,1,1,1,1,1
CHQ25_1505,2025,locales,0,0,0,0,1,1,1,0,1,1,0,1,0,0,0,0
CHQ25_1506,2025,locales,1,0,1,1,0,1,1,1,1,0,0,0,0,0,1,1
CHQ25_1507,2025,locales,0,0,1,1,1,1,1,0,0,0,0,0,1,1,1,0
CHQ25_1508,2025,locales,0,1,1,1,1,1,1,1,1,1,1,1,1,1,0,0
CHQ25_1509,2025,locales,0,0,1,1,1,0,1,1,1,0,1,1,0,1,0,0
CHQ25_1510,2025,locales,0,0,1,1,1,0,1,1,0,0,0,0,0,0,1,0
CHQ25_1511,2025,locales,0,0,1,1,1,0,0,0,0,0,0,0,0,0,1,0
CHQ25_1512,2025,locales,0,0,1,1,1,0,1,1,1,0,0,0,0,1,1,0
CHQ25_1513,2025,locales,0,1,1,1,1,1,1,1,1,0,1,1,0,1,1,1
CHQ25_1514,2025,locales,0,1,1,1,1,1,1,1,1,1,0,1,1,1,1,0
CHQ25_1515,2025,autonomo,0,0,0,0,1,1,1,1,1,0,0,1,0,1,1,1
CHQ25_1516,2025,autonomo,0,0,0,1,1,0,1,1,,,1,1,1,1,0,0
CHQ25_1517,2025,autonomo,1,1,1,1,1,1,1,1,,1,1,1,1,1,0,1
CHQ25_1518,2025,autonomo,1,0,1,1,1,0,1,1,0,0,1,1,1,1,0,1
CHQ25_1519,2025,autonomo,0,0,1,1,1,1,1,1,1,1,1,1,1,1,1,1
CHQ25_1520,2025,autonomo,1,1,1,1,1,0,0,1,1,0,0,0,1,0,1,0
CHQ25_1521,2025,autonomo,0,0,0,1,1,1,1,1,,0,1,1,1,1,1,0
CHQ25_1522,2025,autonomo,0,0,1,1,1,0,1,1,0,0,1,0,0,1,1,0
CHQ25_1523,2025,autonomo,1,1,0,1,1,1,1,1,1,1,1,1,1,1,1,1
CHQ25_1524,2025,autonomo,0,0,1,1,1,1,1,0,0,0,1,0,0,1,1,0
CHQ25_1525,2025,autonomo,0,0,0,0,1,0,0,0,0,0,0,0,0,0,1,0
CHQ25_1526,2025,autonomo,1,1,1,1,1,1,1,1,0,0,1,0,1,1,1,0
CHQ25_1527,2025,autonomo,0,1,0,1,1,0,1,1,,,,0,1,0,1,0
CHQ25_1528,2025,autonomo,1,0,0,0,1,1,1,1,1,0,1,1,1,1,1,1
CHQ25_1529,2025,autonomo,0,0,1,1,1,1,1,1,0,1,1,1,1,0,1,1
CHQ25_1530,2025,autonomo,0,0,0,0,1,1,0,0,0,0,0,0,0,1,1,1
CHQ25_1531,2025,autonomo,0,0,0,0,1,0,1,1,0,0,0,0,0,1,1,0
CHQ25_1532,2025,autonomo,1,1,0,1,1,0,1,0,0,0,0,1,1,0,1,1
CHQ25_1533,2025,autonomo,0,0,0,1,1,0,0,0,0,0,0,0,0,0,0,0
CHQ25_1534,2025,autonomo,1,0,1,1,1,1,1,1,0,0,1,0,1,1,0,1
CHQ25_1535,2025,autonomo,1,1,0,1,1,1,1,1,0,0,0,1,1,1,1,0
CHQ25_1536,2025,autonomo,1,0,0,0,1,0,1,1,1,1,0,0,1,0,0,0
CHQ25_1537,2025,autonomo,0,0,1,1,1,1,1,1,1,0,1,0,1,0,0,0
CHQ25_1538,2025,autonomo,1,0,1,0,1,0,0,0,0,0,0,0,1,1,0,0
CHQ25_1539,2025,autonomo,0,0,0,0,1,0,0,1,0,0,1,0,1,1,1,1
CHQ25_1540,2025,autonomo,0,0,1,0,1,0,1,0,1,0,0,1,0,1,0,0
CHQ25_1541,2025,autonomo,0,0,1,1,1,0,1,0,,0,0,0,0,0,0,1
CHQ25_1542,2025,autonomo,1,1,1,1,1,0,1,1,0,0,0,1,1,1,1,0
CHQ25_1543,2025,autonomo,0,0,1,1,1,1,0,0,0,0,0,0,0,1,1,1
CHQ25_1544,2025,autonomo,0,0,1,1,1,1,1,1,1,0,1,1,0,1,1,1
CHQ25_1545,2025,autonomo,0,0,0,1,1,1,1,1,1,,1,1,1,0,0,1
CHQ25_1546,2025,autonomo,0,0,1,1,1,1,1,1,0,0,1,0,0,1,1,0
CHQ25_1547,2025,autonomo,1,1,1,0,1,1,1,1,1,1,1,1,1,1,1,0
CHQ25_1548,2025,autonomo,1,1,1,1,1,0,1,0,,,1,1,1,1,0,1
CHQ25_1549,2025,autonomo,1,1,1,0,1,0,1,0,0,0,1,1,1,1,1,0
CHQ25_1550,2025,autonomo,1,0,0,1,1,1,1,1,1,,1,1,1,1,0,0
CHQ25_1551,2025,autonomo,1,0,1,1,1,1,1,1,1,,,1,0,0,1,1
CHQ25_1552,2025,autonomo,1,0,1,1,1,1,1,0,0,1,1,1,1,1,1,0
CHQ25_1553,2025,autonomo,1,0,0,0,1,1,1,0,,,0,1,1,1,1,0
CHQ25_1554,2025,autonomo,1,1,1,0,1,1,1,0,0,0,0,1,1,1,1,0
CHQ25_1555,2025,autonomo,1,1,1,1,1,1,1,1,1,,0,0,1,1,0,0
CHQ25_1556,2025,autonomo,1,1,1,1,1,1,1,1,0,1,1,1,1,1,1,0
CHQ25_1557,2025,autonomo,1,1,1,1,1,1,1,1,1,0,1,1,1,1,1,0
CHQ25_1558,2025,autonomo,0,0,1,1,1,1,1,1,1,0,0,1,1,1,1,1
CHQ25_1559,2025,autonomo,1,1,1,1,1,1,1,1,1,1,1,1,1,1,1,1
CHQ25_1560,2025,autonomo,0,0,1,1,1,1,1,0,,,0,0,0,1,0,1
CHQ25_1561,2025,autonomo,1,0,1,0,1,1,1,1,0,0,1,1,1,1,1,0
CHQ25_1562,2025,autonomo,1,0,1,1,1,1,1,1,1,,0,0,0,0,0,0
CHQ25_1563,2025,autonomo,1,1,1,1,1,0,1,0,0,1,1,1,1,1,0,0
CHQ25_1564,2025,autonomo,0,1,1,1,1,1,1,1,0,0,0,1,0,1,1,0
CHQ25_1565,2025,autonomo,1,1,0,1,1,1,1,1,0,0,0,1,1,1,1,0
CHQ25_1566,2025,autonomo,1,1,0,0,1,1,1,1,1,0,1,1,1,0,1,0
CHQ25_1567,2025,autonomo,1,0,1,1,1,1,1,0,0,0,1,0,0,0,1,0
CHQ25_1568,2025,autonomo,1,0,1,0,1,0,1,0,0,0,0,0,0,0,0,0
CHQ25_1569,2025,autonomo,1,1,1,0,1,1,1,1,1,1,1,1,1,0,1,1
CHQ25_1570,2025,autonomo,1,1,1,1,1,0,1,0,0,0,0,0,0,0,1,1
CHQ25_1571,2025,autonomo,1,1,1,1,1,1,1,1,1,0,1,1,1,1,1,1
CHQ25_1572,2025,autonomo,0,0,1,1,1,1,1,0,0,1,0,0,0,0,0,0
CHQ25_1573,2025,autonomo,1,1,1,0,1,1,1,1,1,0,1,1,1,1,1,0
CHQ25_1574,2025,autonomo,1,1,0,0,1,1,1,1,1,1,0,1,1,1,1,1
CHQ25_1575,2025,autonomo,0,1,1,1,1,1,1,0,0,0,0,1,1,1,1,1
CHQ25_1576,2025,autonomo,1,0,1,0,1,1,1,1,1,0,1,1,1,1,1,0
CHQ25_1577,2025,autonomo,0,1,0,1,1,1,1,1,1,0,1,1,1,0,1,0
CHQ25_1578,2025,autonomo,0,0,0,1,1,0,1,1,1,0,1,0,1,1,1,0
CHQ25_1579,2025,autonomo,1,0,1,1,1,1,1,0,1,0,1,1,0,0,1,0
CHQ25_1580,2025,autonomo,0,0,0,1,1,0,1,1,1,0,1,0,1,0,1,0
CHQ25_1581,2025,autonomo,1,0,0,1,1,1,1,1,1,1,1,1,1,1,0,0
CHQ25_1582,2025,autonomo,0,0,1,1,1,1,1,1,1,0,0,1,0,1,1,0
CHQ25_1583,2025,autonomo,0,0,1,1,1,0,1,0,0,0,0,0,0,1,0,1
CHQ25_1584,2025,autonomo,1,0,0,0,1,1,1,1,1,0,1,1,0,0,0,0
CHQ25_1585,2025,autonomo,0,1,1,1,1,1,1,1,1,0,1,0,0,0,0,0
CHQ25_1586,2025,autonomo,1,1,0,1,1,1,1,1,1,0,1,1,1,1,1,0
CHQ25_1587,2025,autonomo,0,0,0,1,1,1,1,1,1,0,1,1,1,0,1,0
CHQ25_1588,2025,autonomo,1,1,1,1,1,1,1,1,1,0,0,0,0,0,0,0
CHQ25_1589,2025,autonomo,0,0,1,1,1,0,0,0,0,1,0,0,1,1,1,1
CHQ25_1590,2025,autonomo,1,0,1,1,1,1,1,1,0,0,0,0,0,0,1,1
CHQ25_1591,2025,autonomo,0,0,1,1,1,0,1,0,1,1,0,0,0,0,0,1
CHQ25_1592,2025,autonomo,0,1,0,1,1,0,1,1,0,0,0,1,0,0,1,0
CHQ25_1593,2025,autonomo,1,1,1,1,1,1,1,1,1,0,1,1,1,0,0,0
CHQ26_1594,2026,flotante,0,0,0,1,1,1,1,0,0,0,0,1,0,0,1,1
CHQ26_1595,2026,flotante,1,0,1,1,1,0,1,1,1,1,1,1,0,0,1,0
CHQ26_1596,2026,flotante,1,0,1,1,0,1,1,1,1,1,1,1,1,1,1,1
CHQ26_1597,2026,flotante,1,0,0,1,1,1,1,1,1,0,0,1,1,1,1,0
CHQ26_1598,2026,flotante,0,0,1,1,1,1,1,1,0,0,0,1,0,1,1,0
CHQ26_1599,2026,flotante,0,0,1,1,1,0,1,0,0,0,1,0,0,1,1,1
CHQ26_1600,2026,flotante,1,0,1,1,1,1,1,1,1,1,1,1,0,1,1,1
CHQ26_1601,2026,flotante,1,0,0,1,0,1,1,1,1,1,1,1,1,1,1,0
CHQ26_1602,2026,flotante,0,0,0,1,1,1,1,1,1,1,1,1,0,0,1,1
CHQ26_1603,2026,flotante,0,0,0,0,1,0,1,0,0,0,0,0,0,1,0,1
CHQ26_1604,2026,flotante,1,0,0,1,1,0,1,0,0,0,0,1,1,0,0,1
CHQ26_1605,2026,flotante,1,0,1,0,1,1,1,0,0,1,1,0,0,1,1,0
CHQ26_1606,2026,flotante,1,0,1,0,1,1,1,1,1,0,0,1,0,1,1,1
CHQ26_1607,2026,flotante,1,0,1,1,1,0,1,1,1,1,1,0,1,1,1,0
CHQ26_1608,2026,flotante,0,0,1,1,1,1,1,1,1,1,1,1,1,1,1,1
CHQ26_1609,2026,flotante,1,1,1,0,0,1,1,1,1,1,1,1,1,1,1,0
CHQ26_1610,2026,flotante,0,0,1,0,0,0,1,0,0,0,1,0,0,0,0,0
CHQ26_1611,2026,flotante,1,0,1,1,1,1,1,1,1,0,0,0,0,1,0,0
CHQ26_1612,2026,flotante,1,0,0,0,1,0,1,1,0,0,1,1,1,1,0,0
CHQ26_1613,2026,flotante,1,0,0,1,0,0,1,1,1,1,1,1,0,0,1,0
CHQ26_1614,2026,flotante,1,0,0,0,1,0,1,1,,1,0,0,0,1,0,0
CHQ26_1615,2026,flotante,1,0,1,1,1,1,1,1,1,0,1,1,0,0,1,1
CHQ26_1616,2026,flotante,0,0,1,0,1,0,1,0,0,0,0,0,0,0,1,0
CHQ26_1617,2026,flotante,1,0,1,1,1,1,1,0,0,1,1,1,0,1,1,0
CHQ26_1618,2026,flotante,0,0,1,1,1,0,0,0,0,0,0,1,1,0,1,0
CHQ26_1619,2026,flotante,0,0,1,1,1,0,0,1,1,0,0,0,0,0,0,1
CHQ26_1620,2026,flotante,0,0,1,1,0,0,1,0,0,0,0,0,1,0,0,1
CHQ26_1621,2026,flotante,0,0,1,1,1,0,1,1,0,0,0,0,0,1,0,0
CHQ26_1622,2026,flotante,0,0,1,1,0,1,1,1,0,0,0,0,1,0,0,1
CHQ26_1623,2026,flotante,0,0,1,1,1,0,0,0,0,0,0,1,0,1,1,1
CHQ26_1624,2026,flotante,0,0,1,1,0,0,1,1,0,0,1,0,1,1,1,1
CHQ26_1625,2026,flotante,1,0,0,1,0,0,0,0,0,0,0,0,0,1,1,0
CHQ26_1626,2026,flotante,0,0,1,1,1,1,0,1,0,0,0,0,0,0,1,1
CHQ26_1627,2026,flotante,1,1,1,1,1,1,0,1,0,0,0,0,1,1,0,1
CHQ26_1628,2026,flotante,0,0,1,1,1,1,0,1,1,1,0,0,0,0,1,0
CHQ26_1629,2026,flotante,0,0,1,0,0,0,1,0,0,0,0,0,0,1,0,0
CHQ26_1630,2026,flotante,0,0,0,1,1,1,1,0,0,0,0,0,0,0,0,1
CHQ26_1631,2026,flotante,1,1,1,1,1,1,1,1,0,0,0,0,0,1,0,0
CHQ26_1632,2026,flotante,0,0,1,1,1,0,1,1,0,0,1,0,1,1,0,0
CHQ26_1633,2026,flotante,0,0,0,0,0,1,1,1,0,0,0,0,0,1,0,0
CHQ26_1634,2026,flotante,1,0,1,1,1,1,1,1,0,0,0,0,0,0,0,1
CHQ26_1635,2026,flotante,0,0,1,1,1,0,0,0,0,0,0,0,0,0,1,0
CHQ26_1636,2026,flotante,1,0,1,1,1,1,1,1,1,0,0,0,1,0,0,1
CHQ26_1637,2026,flotante,1,0,1,1,0,1,1,1,1,0,0,0,0,1,1,0
CHQ26_1638,2026,flotante,1,0,1,1,1,0,1,1,1,0,1,1,0,0,0,0
CHQ26_1639,2026,flotante,1,0,0,1,1,1,1,1,1,1,1,1,1,1,0,0
CHQ26_1640,2026,flotante,0,0,0,1,1,1,1,1,1,1,1,1,0,0,0,0
CHQ26_1641,2026,flotante,1,1,0,1,1,1,1,1,1,1,1,0,0,0,1,1
CHQ26_1642,2026,flotante,1,0,1,1,1,1,1,1,1,1,1,1,0,0,0,1
CHQ26_1643,2026,flotante,1,1,1,1,1,1,1,1,1,1,1,1,0,0,0,0
CHQ26_1644,2026,flotante,1,1,1,1,1,1,1,1,1,1,1,1,1,1,1,0
CHQ26_1645,2026,flotante,1,1,1,0,1,1,1,1,1,1,1,1,1,0,1,1
CHQ26_1646,2026,flotante,0,0,0,1,1,1,1,1,1,1,1,1,0,0,0,0
CHQ26_1647,2026,flotante,0,0,1,1,1,1,1,1,1,1,1,0,1,1,1,0
CHQ26_1648,2026,flotante,0,1,1,1,1,1,1,1,1,1,1,1,0,0,1,1
CHQ26_1649,2026,flotante,1,0,1,1,1,1,1,1,1,1,1,1,1,0,1,0
CHQ26_1650,2026,flotante,1,1,1,1,1,1,1,1,0,1,1,1,1,1,1,0
CHQ26_1651,2026,flotante,1,1,1,1,1,1,1,1,1,1,1,1,1,1,1,0
CHQ26_1652,2026,flotante,0,0,0,1,1,1,1,1,1,0,1,1,0,0,1,0
CHQ26_1653,2026,flotante,1,1,0,1,1,1,1,1,1,1,1,1,1,1,1,1
CHQ26_1654,2026,flotante,1,0,1,1,1,1,1,1,1,1,1,1,0,1,0,0
CHQ26_1655,2026,flotante,1,1,0,1,1,1,1,1,1,1,1,1,1,0,1,0
CHQ26_1656,2026,flotante,1,0,1,1,1,1,1,1,1,1,1,1,1,1,1,1
CHQ26_1657,2026,flotante,1,0,1,1,1,1,1,1,1,0,1,0,0,0,1,1
CHQ26_1658,2026,flotante,1,0,1,1,1,1,1,1,1,1,1,1,1,1,1,0
CHQ26_1659,2026,flotante,1,0,1,1,1,1,1,1,1,1,1,1,1,1,1,1
CHQ26_1660,2026,flotante,1,0,1,1,1,0,1,1,1,1,1,1,0,1,1,0
CHQ26_1661,2026,flotante,1,0,1,1,1,1,1,1,1,1,1,1,1,1,0,0
CHQ26_1662,2026,flotante,1,1,1,1,1,1,1,1,1,1,1,1,1,1,1,1
CHQ26_1663,2026,flotante,1,0,0,0,1,1,1,1,1,1,1,1,1,1,0,0
CHQ26_1664,2026,flotante,1,0,1,1,1,1,1,1,1,1,1,0,0,1,1,0
CHQ26_1665,2026,flotante,1,1,1,1,1,1,1,1,1,1,1,1,1,1,1,1
CHQ26_1666,2026,flotante,1,0,1,1,1,1,1,1,1,0,1,0,0,1,1,1
CHQ26_1667,2026,flotante,1,0,1,1,1,1,1,1,1,1,1,1,1,1,1,0
CHQ26_1668,2026,flotante,0,0,1,1,1,1,1,0,0,1,0,1,1,1,0,1
CHQ26_1669,2026,flotante,1,0,1,1,1,1,1,1,1,0,0,0,0,0,0,1
CHQ26_1670,2026,flotante,1,0,1,1,1,1,1,1,1,1,1,1,1,1,0,1
CHQ26_1671,2026,flotante,1,0,1,1,1,1,1,0,0,0,1,0,1,1,1,1
CHQ26_1672,2026,flotante,1,1,1,1,1,1,1,1,1,1,1,1,1,1,1,1
CHQ26_1673,2026,flotante,0,0,1,1,1,1,1,1,1,1,1,1,1,1,1,1
CHQ26_1674,2026,flotante,0,1,0,0,1,0,1,1,0,1,1,1,0,1,1,0
CHQ26_1675,2026,flotante,0,0,0,1,1,0,1,1,0,0,0,1,1,1,0,1
CHQ26_1676,2026,flotante,1,1,1,1,1,0,0,1,1,0,0,0,1,0,0,1
CHQ26_1677,2026,flotante,1,1,1,1,1,1,1,1,1,0,1,1,1,1,1,0
CHQ26_1678,2026,flotante,1,0,1,1,1,1,1,1,1,0,0,0,1,1,1,0
CHQ26_1679,2026,flotante,0,0,1,1,1,0,1,1,0,0,0,0,1,1,0,1
CHQ26_1680,2026,flotante,0,0,1,1,1,0,1,1,1,0,1,1,1,1,0,1
CHQ26_1681,2026,flotante,1,0,1,0,0,1,1,1,1,1,1,1,1,1,1,0
CHQ26_1682,2026,flotante,1,0,0,0,1,1,1,1,1,1,1,1,1,1,1,0
CHQ26_1683,2026,flotante,0,0,1,1,1,0,1,1,1,0,1,0,1,1,1,1
CHQ26_1684,2026,flotante,0,0,1,1,1,1,1,1,0,0,0,0,1,1,0,0
CHQ26_1685,2026,flotante,0,0,1,1,0,1,1,0,0,0,1,1,1,1,0,0
CHQ26_1686,2026,flotante,1,0,1,1,1,1,1,1,1,1,1,0,1,1,1,0
CHQ26_1687,2026,flotante,0,0,1,1,1,1,1,1,0,0,1,0,1,1,1,1
CHQ26_1688,2026,flotante,1,0,1,1,1,1,1,1,1,1,1,1,1,1,1,0
CHQ26_1689,2026,flotante,1,0,1,1,1,0,1,1,1,0,0,0,1,0,1,1
CHQ26_1690,2026,flotante,0,1,0,0,1,1,1,1,1,1,1,1,0,1,1,1
CHQ26_1691,2026,flotante,1,0,1,0,1,1,0,0,0,0,1,1,1,1,1,0
CHQ26_1692,2026,flotante,0,0,1,1,1,0,1,0,0,0,0,0,0,0,1,0
CHQ26_1693,2026,flotante,1,0,1,1,1,0,1,1,0,0,0,1,1,1,1,1
CHQ26_1694,2026,flotante,1,1,0,0,1,1,1,1,0,0,0,0,0,0,1,1
CHQ26_1695,2026,flotante,1,0,0,0,1,0,1,0,0,0,1,1,0,0,1,0
CHQ26_1696,2026,flotante,1,0,1,1,1,1,1,1,0,0,0,0,0,0,0,1
CHQ26_1697,2026,flotante,0,0,0,0,1,0,1,1,1,1,1,1,0,1,0,1
CHQ26_1698,2026,flotante,1,1,0,1,1,1,1,1,1,1,0,0,0,1,1,0
CHQ26_1699,2026,flotante,0,0,1,1,1,1,1,0,0,0,1,0,1,1,1,0
CHQ26_1700,2026,flotante,1,1,1,0,1,1,1,1,1,1,1,0,0,0,1,0
CHQ26_1701,2026,flotante,1,0,0,0,1,1,1,1,1,1,1,1,1,1,0,1
CHQ26_1702,2026,flotante,0,0,1,1,1,0,0,0,0,0,0,0,0,1,0,0
CHQ26_1703,2026,flotante,0,0,0,0,1,1,0,0,0,0,0,1,1,1,0,1
CHQ26_1704,2026,flotante,0,0,1,1,1,0,0,0,0,0,0,0,0,0,0,0
CHQ26_1705,2026,flotante,1,0,1,1,1,0,0,0,0,0,0,1,0,0,1,0
CHQ26_1706,2026,flotante,1,1,1,1,1,1,1,1,1,1,1,1,1,1,1,0
CHQ26_1707,2026,flotante,0,0,1,1,1,1,1,0,0,0,0,0,0,0,1,0
CHQ26_1708,2026,flotante,0,0,1,1,1,1,0,0,0,0,0,1,1,0,1,1
CHQ26_1709,2026,flotante,0,0,0,1,1,1,0,0,0,0,0,1,0,0,1,1
CHQ26_1710,2026,flotante,0,0,1,1,1,1,0,0,0,1,0,1,0,0,1,0
CHQ26_1711,2026,flotante,1,1,1,1,1,1,1,1,1,1,1,1,0,1,1,0
CHQ26_1712,2026,flotante,1,0,1,1,1,1,1,1,1,1,1,1,0,1,1,1
CHQ26_1713,2026,flotante,1,0,1,1,1,0,1,1,0,0,0,1,0,1,1,0
CHQ26_1714,2026,flotante,1,0,0,1,1,1,1,1,1,1,0,1,1,1,1,0
CHQ26_1715,2026,flotante,0,0,0,0,0,1,0,0,0,1,1,0,0,0,1,1
CHQ26_1716,2026,flotante,0,0,0,1,0,1,0,0,0,0,1,1,1,0,1,0
CHQ26_1717,2026,flotante,0,0,1,1,1,1,1,0,0,0,1,0,0,0,1,1
CHQ26_1718,2026,flotante,1,1,1,1,1,1,1,1,0,0,0,1,0,1,1,1
CHQ26_1719,2026,flotante,0,0,1,1,0,1,1,1,1,1,1,1,1,1,1,1
CHQ26_1720,2026,flotante,0,1,1,1,1,1,0,0,0,0,0,0,1,0,1,1
CHQ26_1721,2026,flotante,0,0,1,1,1,0,0,0,0,0,1,0,1,1,1,0
CHQ26_1722,2026,flotante,0,0,1,1,1,0,0,0,0,0,0,0,1,0,1,1
CHQ26_1723,2026,flotante,1,0,1,1,1,1,1,1,1,0,1,1,1,1,1,0
CHQ26_1724,2026,flotante,0,0,1,1,1,1,1,1,0,0,0,0,0,0,1,0
CHQ26_1725,2026,flotante,0,1,1,1,1,1,1,1,0,0,0,1,1,1,1,0
CHQ26_1726,2026,flotante,1,0,1,1,1,1,1,1,1,1,0,1,1,0,1,0
CHQ26_1727,2026,flotante,0,1,1,1,1,1,0,1,1,0,0,1,0,0,1,1
CHQ26_1728,2026,flotante,0,0,1,1,1,0,1,0,0,0,0,1,1,1,1,1
CHQ26_1729,2026,flotante,0,0,1,1,1,1,0,0,0,0,0,1,0,0,1,1
CHQ26_1730,2026,flotante,0,0,1,1,1,1,1,1,1,0,0,1,0,0,1,1
CHQ26_1731,2026,flotante,1,1,1,1,1,1,1,1,1,0,0,0,0,0,1,0
CHQ26_1732,2026,flotante,1,0,1,1,1,0,1,0,0,0,0,0,0,0,0,0
CHQ26_1733,2026,flotante,0,1,0,0,0,0,1,0,0,0,0,0,1,1,1,0
CHQ26_1734,2026,flotante,0,0,1,1,1,0,1,1,1,0,0,0,0,0,0,1
CHQ26_1735,2026,flotante,0,0,1,1,1,0,0,0,0,0,0,0,0,0,1,0
CHQ26_1736,2026,flotante,1,0,0,0,0,1,1,1,1,0,0,0,0,0,,0
CHQ26_1737,2026,flotante,1,0,0,1,1,1,1,1,1,0,0,0,0,0,0,0
CHQ26_1738,2026,flotante,1,0,1,1,1,1,1,1,1,1,0,0,0,1,0,1
CHQ26_1739,2026,flotante,0,0,1,1,1,1,0,0,0,0,0,1,1,0,1,0
CHQ26_1740,2026,flotante,1,0,0,0,0,1,1,1,0,1,0,1,0,0,1,1
CHQ26_1741,2026,flotante,1,1,1,1,1,1,1,1,1,0,0,0,1,0,1,0
CHQ26_1742,2026,flotante,1,0,0,0,1,0,1,0,0,0,0,0,0,1,1,0
CHQ26_1743,2026,flotante,0,0,0,1,0,1,0,0,0,0,0,1,1,1,1,0
CHQ26_1744,2026,flotante,1,1,0,1,1,1,1,0,0,0,0,0,0,0,1,0
CHQ26_1745,2026,flotante,1,0,1,1,1,1,1,1,0,0,1,0,1,0,1,0
CHQ26_1746,2026,flotante,1,0,1,1,0,1,1,1,1,0,1,0,0,1,1,1
CHQ26_1747,2026,flotante,0,1,0,1,1,1,1,0,0,0,0,0,1,0,1,1
CHQ26_1748,2026,flotante,1,1,1,1,1,1,1,1,0,0,1,1,0,0,1,0
CHQ26_1749,2026,flotante,0,0,0,1,1,0,0,0,0,1,0,0,0,1,1,1
CHQ26_1750,2026,flotante,0,0,1,1,1,1,1,0,0,1,1,1,1,1,1,0
CHQ26_1751,2026,flotante,1,1,1,1,1,1,1,1,1,0,0,1,0,1,1,0
CHQ26_1752,2026,flotante,1,0,0,1,1,1,1,0,0,0,0,0,0,0,1,0
CHQ26_1753,2026,flotante,0,0,0,0,1,1,1,1,0,0,0,1,1,0,0,0
CHQ26_1754,2026,flotante,0,0,0,1,0,1,1,0,1,0,0,0,0,0,1,0
CHQ26_1755,2026,flotante,1,0,1,0,0,1,1,1,1,0,1,1,1,1,0,0
CHQ26_1756,2026,flotante,0,0,1,1,1,0,1,0,0,1,1,1,0,1,0,0
CHQ26_1757,2026,flotante,1,0,1,1,1,1,1,1,1,0,1,1,1,1,1,0
CHQ26_1758,2026,flotante,1,0,1,1,1,1,1,1,1,1,1,1,1,1,1,0
CHQ26_1759,2026,flotante,1,1,1,1,1,1,1,1,1,1,1,1,1,1,1,0
CHQ26_1760,2026,flotante,1,0,1,1,1,1,1,1,1,0,0,1,0,0,1,0
CHQ26_1761,2026,flotante,1,0,1,1,1,1,1,1,1,1,1,1,1,1,1,1
CHQ26_1762,2026,flotante,0,0,0,0,1,0,1,0,0,0,0,1,0,0,0,0
CHQ26_1763,2026,flotante,1,0,1,1,1,1,1,1,1,0,1,0,1,1,1,0
CHQ26_1764,2026,flotante,1,0,0,0,1,1,1,1,1,1,1,1,1,0,0,0
CHQ26_1765,2026,flotante,0,1,1,1,1,1,1,0,0,1,0,0,1,1,1,0
CHQ26_1766,2026,flotante,1,0,0,1,1,1,1,1,1,0,0,1,1,0,0,0
CHQ26_1767,2026,flotante,0,0,0,0,1,0,1,0,0,0,0,1,0,1,1,0
CHQ26_1768,2026,flotante,0,0,0,0,1,1,1,1,1,0,0,1,0,0,1,0
CHQ26_1769,2026,flotante,1,0,0,1,1,1,1,1,1,0,1,1,1,1,1,0
CHQ26_1770,2026,flotante,1,0,0,0,1,0,1,1,1,1,0,0,0,0,1,0
CHQ26_1771,2026,flotante,0,0,1,1,1,1,1,1,1,1,1,1,1,1,1,0
CHQ26_1772,2026,flotante,1,1,1,1,1,1,1,1,1,0,1,1,1,1,1,0
CHQ26_1773,2026,flotante,1,0,0,1,1,0,0,1,1,1,1,1,0,0,0,0
CHQ26_1774,2026,flotante,1,0,1,1,1,1,1,0,1,0,1,1,1,1,0,0
CHQ26_1775,2026,flotante,1,0,0,1,1,0,1,1,1,1,1,1,1,1,1,1
CHQ26_1776,2026,flotante,1,0,1,1,1,1,1,1,,1,0,1,,1,1,0
CHQ26_1777,2026,flotante,1,0,0,0,1,1,1,1,1,0,0,0,0,0,1,1
CHQ26_1778,2026,flotante,1,0,1,1,1,1,1,1,1,1,1,1,1,1,0,1
CHQ26_1779,2026,flotante,1,0,1,1,1,1,1,1,1,1,1,1,1,1,1,1
CHQ26_1780,2026,flotante,1,0,1,1,1,1,1,1,0,0,1,1,0,1,1,1
CHQ26_1781,2026,flotante,0,0,0,0,0,0,1,0,0,0,0,0,0,0,0,1
CHQ26_1782,2026,flotante,1,0,0,0,0,1,1,1,0,0,1,0,0,1,1,1
CHQ26_1783,2026,flotante,0,1,1,1,1,1,1,1,1,1,1,1,1,1,1,1
CHQ26_1784,2026,flotante,1,1,1,1,1,1,1,1,1,1,1,1,1,1,1,1
CHQ26_1785,2026,flotante,0,0,1,1,1,0,0,1,1,0,1,1,0,1,1,1
CHQ26_1786,2026,flotante,1,0,1,1,1,1,1,1,1,1,0,1,0,1,1,1
CHQ26_1787,2026,flotante,1,0,1,1,1,1,1,1,1,0,1,0,1,1,1,1
CHQ26_1788,2026,flotante,1,0,0,1,1,1,1,1,1,0,1,1,1,1,1,1
CHQ26_1789,2026,flotante,0,0,0,1,1,0,0,0,0,0,0,1,1,0,0,1
CHQ26_1790,2026,flotante,1,0,1,1,1,1,1,0,0,1,1,0,1,1,1,1
CHQ26_1791,2026,flotante,1,0,1,1,1,0,1,1,1,1,1,1,1,1,1,1
CHQ26_1792,2026,flotante,0,1,0,1,1,1,1,1,1,1,1,0,0,0,1,1
CHQ26_1793,2026,flotante,0,0,1,1,1,0,1,0,0,0,1,1,1,1,0,1
CHQ26_1794,2026,flotante,1,0,0,1,1,1,1,1,1,1,1,1,1,1,0,0
CHQ26_1795,2026,flotante,0,0,0,0,1,1,1,1,1,0,0,0,1,0,1,1
CHQ26_1796,2026,flotante,0,0,1,1,1,0,0,1,1,0,1,0,0,1,1,1
CHQ26_1797,2026,flotante,1,1,0,1,1,1,0,1,0,0,0,0,1,0,0,1
CHQ26_1798,2026,flotante,1,1,1,1,1,1,1,1,1,0,1,1,1,1,0,1
CHQ26_1799,2026,flotante,1,0,0,0,1,1,1,1,1,0,0,1,1,0,1,1
CHQ26_1800,2026,flotante,0,0,1,1,1,1,1,1,1,1,1,1,1,1,1,1
CHQ26_1801,2026,flotante,1,0,1,1,1,1,1,1,1,1,1,1,1,1,0,1
CHQ26_1802,2026,flotante,1,0,1,1,1,1,1,1,1,1,1,1,1,1,1,1
CHQ26_1803,2026,flotante,1,0,1,1,0,1,1,1,1,1,1,1,1,1,1,1
CHQ26_1804,2026,flotante,1,1,0,1,1,1,1,1,1,1,1,1,1,1,0,0
CHQ26_1805,2026,flotante,0,0,0,1,1,1,1,1,1,1,1,1,0,0,0,0
CHQ26_1806,2026,flotante,0,0,0,1,1,1,1,1,1,1,1,1,1,1,0,0
CHQ26_1807,2026,flotante,1,1,1,1,1,1,1,1,1,0,1,1,0,0,1,0
CHQ26_1808,2026,flotante,1,0,0,1,1,1,1,1,1,1,1,1,0,0,1,0
CHQ26_1809,2026,flotante,1,1,0,1,1,1,1,1,1,1,1,0,0,0,1,1
CHQ26_1810,2026,flotante,1,1,0,1,1,1,1,1,1,1,1,1,1,1,,1
CHQ26_1811,2026,flotante,1,1,1,1,1,1,1,1,1,0,1,1,1,1,1,0
CHQ26_1812,2026,flotante,1,1,1,1,1,1,1,1,0,0,1,0,1,1,1,0
CHQ26_1813,2026,flotante,1,1,0,0,1,0,0,0,0,1,0,1,0,1,0,0
CHQ26_1814,2026,flotante,1,0,1,1,1,1,1,1,1,0,1,0,0,0,1,0
CHQ26_1815,2026,flotante,1,0,1,1,1,1,1,1,1,0,1,1,0,0,1,0
CHQ26_1816,2026,flotante,1,1,0,0,0,1,1,1,1,1,1,1,1,1,1,0
CHQ26_1817,2026,flotante,0,0,0,0,0,0,1,0,0,0,0,0,0,0,1,0
CHQ26_1818,2026,flotante,0,0,1,1,1,0,1,,,,1,0,0,1,1,0
CHQ26_1819,2026,flotante,1,1,0,1,1,1,1,1,1,1,1,1,1,1,1,0
CHQ26_1820,2026,flotante,1,1,0,1,1,1,1,1,1,1,1,1,1,1,0,1
CHQ26_1821,2026,flotante,0,0,1,1,1,1,1,1,1,1,1,1,0,1,0,1
CHQ26_1822,2026,flotante,0,0,1,1,1,0,1,1,1,0,1,1,0,1,1,0
CHQ26_1823,2026,flotante,1,1,1,1,1,0,1,0,0,0,1,1,0,1,1,0
CHQ26_1824,2026,flotante,0,0,1,1,1,0,1,0,0,0,0,0,1,0,1,1
CHQ26_1825,2026,flotante,0,0,1,1,0,1,1,0,1,0,1,1,1,1,1,1
CHQ26_1826,2026,flotante,0,0,1,1,1,0,1,0,0,0,1,1,1,1,1,1
CHQ26_1827,2026,flotante,1,0,1,1,0,0,1,0,0,0,0,0,1,1,1,0
CHQ26_1828,2026,flotante,0,0,1,1,1,0,0,0,0,0,0,1,0,0,1,1
CHQ26_1829,2026,flotante,1,1,1,1,1,1,1,1,1,1,1,1,0,1,1,1
CHQ26_1830,2026,flotante,1,0,1,0,1,1,1,1,1,0,1,1,0,1,1,0
CHQ26_1831,2026,flotante,0,0,0,0,0,1,1,,0,0,0,0,0,0,1,0
CHQ26_1832,2026,flotante,1,0,1,1,1,1,1,1,0,0,1,0,1,1,1,0
CHQ26_1833,2026,flotante,0,0,1,1,1,0,1,0,0,0,0,0,0,1,1,1
CHQ26_1834,2026,flotante,1,0,1,0,1,1,1,0,0,0,1,1,1,1,1,0
CHQ26_1835,2026,flotante,1,0,1,1,1,0,1,0,0,0,1,1,0,1,1,1
CHQ26_1836,2026,flotante,1,0,1,1,1,0,1,1,0,0,0,1,1,1,1,0
CHQ26_1837,2026,flotante,0,0,1,1,1,0,1,0,0,1,0,1,1,1,1,1
CHQ26_1838,2026,flotante,0,0,0,0,1,0,1,1,1,0,0,0,0,0,1,1
CHQ26_1839,2026,flotante,1,0,1,1,1,1,1,1,1,1,1,1,1,1,1,1
CHQ26_1840,2026,flotante,1,0,1,1,1,0,0,0,0,0,0,0,1,1,1,1
CHQ26_1841,2026,flotante,1,0,0,0,1,0,1,1,1,0,0,0,0,0,0,1
CHQ26_1842,2026,flotante,0,0,0,1,1,0,0,0,0,0,0,0,0,0,1,0
CHQ26_1843,2026,flotante,0,0,1,1,1,1,1,1,1,1,1,0,0,1,1,1
CHQ26_1844,2026,flotante,0,0,0,0,1,1,1,1,0,1,1,0,0,0,1,0
CHQ26_1845,2026,flotante,0,0,1,1,1,1,1,1,1,1,1,1,1,1,1,1
CHQ26_1846,2026,flotante,1,0,0,1,0,1,1,1,1,1,0,1,0,0,1,1
CHQ26_1847,2026,flotante,1,0,1,0,0,1,1,0,0,1,0,1,0,1,1,1
CHQ26_1848,2026,flotante,0,0,1,1,1,1,1,0,1,1,0,1,0,0,0,1
CHQ26_1849,2026,flotante,1,0,0,0,1,1,1,1,1,0,0,1,0,0,1,1
CHQ26_1850,2026,flotante,0,0,1,1,1,1,1,1,1,1,1,1,1,1,1,1
CHQ26_1851,2026,flotante,1,1,1,1,1,1,1,1,1,1,1,1,1,1,1,0
CHQ26_1852,2026,flotante,1,0,1,0,1,0,1,1,0,1,1,0,1,1,1,0
CHQ26_1853,2026,flotante,0,0,0,1,1,1,1,0,0,0,0,1,0,0,1,1
CHQ26_1854,2026,flotante,1,0,1,1,1,0,0,1,1,0,0,0,0,0,1,0
CHQ26_1855,2026,flotante,1,0,1,1,0,1,1,1,1,1,1,1,1,1,1,0
CHQ26_1856,2026,flotante,0,0,1,1,1,1,0,0,0,0,0,1,1,0,1,1
CHQ26_1857,2026,flotante,0,1,0,0,1,1,1,1,1,1,0,0,0,0,1,1
CHQ26_1858,2026,flotante,0,0,1,1,1,0,1,0,0,0,0,0,0,1,1,0
CHQ26_1859,2026,flotante,1,0,1,1,1,1,1,1,1,0,0,0,1,1,1,0
CHQ26_1860,2026,flotante,0,0,1,1,1,0,0,0,0,0,0,1,1,1,1,0
CHQ26_1861,2026,flotante,1,0,1,0,0,1,1,1,1,0,0,0,1,0,0,1
CHQ26_1862,2026,flotante,0,0,1,1,1,1,0,0,0,0,0,0,1,1,1,1
CHQ26_1863,2026,flotante,0,1,1,1,1,1,1,0,1,0,0,1,1,0,1,0
CHQ26_1864,2026,flotante,1,0,1,1,1,0,1,0,0,0,1,1,1,1,1,0
CHQ26_1865,2026,flotante,0,0,1,1,1,1,1,1,0,0,0,0,0,1,1,1
CHQ26_1866,2026,flotante,1,1,1,1,0,0,1,1,1,0,0,1,0,1,1,0
CHQ26_1867,2026,flotante,0,0,1,1,0,0,1,1,0,0,0,0,0,1,1,1
CHQ26_1868,2026,flotante,0,0,0,1,1,1,1,1,1,1,1,1,1,1,1,1
CHQ26_1869,2026,flotante,1,1,0,1,1,1,1,0,0,0,0,0,1,1,1,1
CHQ26_1870,2026,flotante,0,0,0,0,0,0,0,0,0,0,0,0,0,0,1,1
CHQ26_1871,2026,flotante,1,0,1,1,0,0,1,0,0,0,0,0,0,1,1,1
CHQ26_1872,2026,flotante,0,0,1,1,1,1,1,0,0,0,0,0,0,1,1,0
CHQ26_1873,2026,flotante,0,0,1,1,1,0,0,1,0,0,1,0,1,0,1,0
CHQ26_1874,2026,flotante,0,0,1,1,1,0,1,0,0,0,1,0,1,1,1,1
CHQ26_1875,2026,flotante,1,0,1,0,1,1,1,0,0,0,0,0,0,0,1,1
CHQ26_1876,2026,flotante,1,0,1,1,1,0,1,0,0,0,0,0,1,1,1,0
CHQ26_1877,2026,flotante,1,0,1,1,0,1,1,1,0,0,1,1,1,0,1,0
CHQ26_1878,2026,flotante,0,0,0,0,1,1,0,0,0,0,0,1,0,0,1,0
CHQ26_1879,2026,flotante,1,1,1,1,1,0,1,0,0,1,0,0,1,1,1,0
CHQ26_1880,2026,flotante,0,0,1,1,1,1,1,1,1,0,0,1,0,1,1,1
CHQ26_1881,2026,flotante,0,0,0,0,1,1,1,0,0,0,0,0,0,1,1,0
CHQ26_1882,2026,flotante,1,1,1,1,0,1,1,1,1,0,1,1,0,1,1,1
CHQ26_1883,2026,flotante,1,0,1,1,0,0,1,1,0,0,0,1,0,0,1,0
CHQ26_1884,2026,flotante,1,1,1,1,1,1,1,0,0,0,0,0,1,1,1,0
CHQ26_1885,2026,flotante,0,0,0,1,1,1,1,1,0,0,0,0,1,0,1,1
CHQ26_1886,2026,flotante,0,1,0,1,1,1,1,0,0,1,1,1,1,0,1,1
CHQ26_1887,2026,flotante,1,1,1,0,1,1,1,1,0,0,1,0,1,1,1,0
CHQ26_1888,2026,flotante,1,0,1,1,1,1,1,1,1,1,1,1,1,1,1,1
CHQ26_1889,2026,flotante,0,0,1,1,1,1,0,0,0,0,0,1,1,0,1,1
CHQ26_1890,2026,flotante,1,0,1,1,1,1,1,1,1,1,1,1,0,0,1,0
CHQ26_1891,2026,flotante,0,0,1,1,1,0,0,0,0,0,0,0,1,1,1,1
CHQ26_1892,2026,flotante,0,0,1,1,1,1,1,1,1,1,1,1,1,1,1,1
CHQ26_1893,2026,flotante,1,1,1,1,1,1,1,1,1,0,0,0,0,1,1,1
CHQ26_1894,2026,flotante,0,0,1,1,1,1,1,1,1,0,1,0,0,0,1,0
CHQ26_1895,2026,flotante,1,1,1,1,0,1,0,0,0,0,0,0,0,0,1,0
CHQ26_1896,2026,flotante,0,0,1,1,1,1,1,0,0,1,0,1,1,1,1,0
CHQ26_1897,2026,flotante,0,0,1,1,1,1,1,0,0,0,0,0,0,1,1,1
CHQ26_1898,2026,flotante,0,0,0,1,1,1,0,0,0,0,0,1,0,0,1,0
CHQ26_1899,2026,flotante,0,0,0,1,1,1,1,0,0,0,1,1,1,0,1,1
CHQ26_1900,2026,flotante,0,0,1,1,0,0,0,0,0,0,0,0,0,0,1,1
CHQ26_1901,2026,flotante,0,0,1,1,0,1,0,1,1,0,0,1,0,0,1,1
CHQ26_1902,2026,flotante,1,0,1,0,1,1,1,0,0,0,1,0,0,0,1,1
CHQ26_1903,2026,flotante,0,0,0,0,1,1,1,0,0,0,0,1,0,0,1,1
CHQ26_1904,2026,flotante,0,0,1,1,1,1,1,1,0,0,0,0,0,0,1,1
CHQ26_1905,2026,flotante,0,0,0,0,1,0,1,1,1,1,0,0,0,0,0,0
CHQ26_1906,2026,flotante,0,0,0,0,1,0,0,1,0,1,0,1,0,0,0,0
CHQ26_1907,2026,flotante,0,0,0,0,1,0,1,0,0,0,0,1,0,1,1,0
CHQ26_1908,2026,flotante,1,0,1,0,1,1,1,1,0,0,0,0,0,0,0,0
CHQ26_1909,2026,flotante,0,0,1,1,1,1,1,1,0,1,1,1,1,1,1,0
CHQ26_1910,2026,flotante,1,0,1,1,1,1,1,0,1,1,1,1,1,1,1,0
CHQ26_1911,2026,flotante,0,0,0,0,1,1,0,0,0,0,1,0,0,1,1,0
CHQ26_1912,2026,flotante,0,0,0,0,1,0,1,1,1,0,0,1,0,0,0,0
CHQ26_1913,2026,flotante,0,1,0,1,1,0,1,0,1,0,1,1,0,1,1,0
CHQ26_1914,2026,flotante,0,0,1,1,1,0,1,1,0,0,0,0,0,1,1,0
CHQ26_1915,2026,flotante,0,0,0,0,0,0,0,0,0,0,0,0,1,1,1,0
CHQ26_1916,2026,flotante,1,1,0,0,0,0,1,1,0,1,0,1,0,0,1,0
CHQ26_1917,2026,flotante,1,0,1,1,1,1,1,1,1,1,1,1,0,1,1,1
CHQ26_1918,2026,flotante,1,0,1,0,1,1,1,1,0,0,1,1,0,0,0,1
CHQ26_1919,2026,flotante,1,0,1,1,1,1,1,1,1,1,1,1,0,0,0,1
CHQ26_1920,2026,flotante,1,1,0,1,1,1,1,1,1,1,1,1,1,1,1,1
CHQ26_1921,2026,flotante,1,0,1,1,1,0,1,0,0,0,1,1,1,1,1,1
CHQ26_1922,2026,flotante,0,0,1,1,1,1,1,0,0,1,1,1,0,1,0,1
CHQ26_1923,2026,flotante,1,1,1,1,1,1,1,1,1,1,1,1,1,1,1,1
CHQ26_1924,2026,flotante,0,0,1,1,1,0,1,1,0,,0,0,0,0,1,1
CHQ26_1925,2026,flotante,1,1,1,1,1,1,1,1,1,1,1,0,0,1,1,1
CHQ26_1926,2026,flotante,1,0,0,0,0,1,1,1,0,0,0,1,1,1,0,1
CHQ26_1927,2026,flotante,0,0,0,0,1,0,1,1,0,0,1,0,0,0,1,1
CHQ26_1928,2026,flotante,1,0,1,1,1,1,1,1,0,0,0,0,0,0,1,1
CHQ26_1929,2026,flotante,1,0,1,1,1,1,1,1,1,1,1,1,1,1,0,1
CHQ26_1930,2026,flotante,1,0,1,1,1,1,1,1,1,1,1,1,1,1,1,0
CHQ26_1931,2026,flotante,0,0,1,1,1,1,1,1,0,0,0,0,0,1,1,1
CHQ26_1932,2026,flotante,0,0,0,0,0,0,0,0,0,0,0,0,0,0,1,1
CHQ26_1933,2026,flotante,1,1,0,0,0,1,1,1,1,1,1,0,1,1,1,1
CHQ26_1934,2026,flotante,0,0,1,1,1,1,1,1,1,1,1,1,1,1,1,1
CHQ26_1935,2026,flotante,0,0,1,1,1,1,1,1,0,1,0,1,1,0,1,1
CHQ26_1936,2026,flotante,1,0,0,1,1,1,1,0,0,1,1,1,1,1,0,1
CHQ26_1937,2026,flotante,1,1,1,1,1,0,0,0,0,0,0,0,0,0,1,1
CHQ26_1938,2026,flotante,1,0,1,1,1,0,1,1,1,0,1,1,1,1,1,1
CHQ26_1939,2026,flotante,0,0,1,1,1,1,1,1,1,0,1,0,1,1,0,1
CHQ26_1940,2026,flotante,0,0,1,1,1,0,1,1,1,0,0,0,0,0,0,1
CHQ26_1941,2026,flotante,0,0,1,1,1,0,1,0,0,0,0,0,0,1,1,1
CHQ26_1942,2026,flotante,1,1,0,1,1,1,1,1,1,1,1,1,0,1,1,1
CHQ26_1943,2026,flotante,1,1,0,0,0,1,1,1,1,0,,0,0,1,1,1
CHQ26_1944,2026,flotante,0,0,1,1,1,1,1,1,1,1,1,1,1,1,1,1
CHQ26_1945,2026,flotante,0,1,0,0,0,1,1,1,1,1,1,1,1,0,1,1
CHQ26_1946,2026,flotante,0,0,1,1,1,1,1,1,1,0,0,0,0,1,1,1
CHQ26_1947,2026,flotante,1,0,1,1,1,1,1,1,1,1,1,0,1,1,1,1
CHQ26_1948,2026,flotante,0,0,0,1,1,1,1,1,0,0,0,1,1,1,1,0
CHQ26_1949,2026,flotante,0,0,1,1,0,1,1,1,1,1,1,1,1,1,0,0
CHQ26_1950,2026,flotante,0,0,1,1,1,1,1,1,1,1,1,1,0,1,1,1
CHQ26_1951,2026,flotante,1,0,0,1,0,0,1,1,0,1,1,0,0,0,1,1
CHQ26_1952,2026,flotante,1,0,1,1,1,1,1,1,1,1,1,1,1,1,1,1
CHQ26_1953,2026,flotante,1,0,1,1,1,1,1,1,1,0,0,1,1,1,0,1
CHQ26_1954,2026,flotante,0,0,1,1,1,0,1,1,0,0,0,0,0,0,0,1
CHQ26_1955,2026,flotante,0,0,1,1,0,0,1,0,0,0,0,1,0,0,0,1
CHQ26_1956,2026,flotante,1,0,1,1,1,1,1,0,0,0,1,0,0,1,0,0
CHQ26_1957,2026,flotante,1,0,1,1,1,1,1,1,1,1,0,0,1,1,1,0
CHQ26_1958,2026,flotante,0,1,1,1,1,1,1,1,1,1,1,0,0,0,1,0
CHQ26_1959,2026,flotante,0,0,1,1,1,0,1,0,0,0,0,0,0,0,1,0
CHQ26_1960,2026,flotante,0,0,1,1,1,0,1,1,0,0,0,0,0,0,1,0
CHQ26_1961,2026,flotante,1,0,1,0,1,1,1,1,1,1,1,1,1,1,1,0
CHQ26_1962,2026,flotante,0,0,1,1,1,1,1,0,0,0,1,0,0,1,0,0
CHQ26_1963,2026,flotante,1,1,1,1,1,1,1,0,0,0,0,1,0,0,0,0
CHQ26_1964,2026,flotante,1,0,0,1,1,1,1,1,1,0,1,1,1,1,0,0
CHQ26_1965,2026,flotante,0,0,1,0,1,1,1,0,0,0,0,0,1,1,1,0
CHQ26_1966,2026,flotante,0,0,1,1,1,0,0,0,0,0,0,0,0,0,1,0
CHQ26_1967,2026,flotante,1,0,0,1,1,0,1,0,1,0,0,1,0,0,0,0
CHQ26_1968,2026,flotante,0,0,1,1,1,0,0,1,1,0,1,1,0,0,1,0
CHQ26_1969,2026,flotante,1,0,1,1,1,0,1,0,0,0,1,0,0,0,1,0
CHQ26_1970,2026,flotante,1,0,1,1,1,0,1,1,0,0,1,0,1,1,0,0
CHQ26_1971,2026,flotante,0,0,1,1,1,0,1,1,0,0,1,0,0,0,1,0
CHQ26_1972,2026,flotante,0,0,1,0,0,0,0,1,0,1,0,0,0,1,0,0
CHQ26_1973,2026,flotante,1,0,1,1,1,1,1,1,1,1,1,1,0,1,1,0
CHQ26_1974,2026,flotante,1,1,0,0,0,1,1,1,1,1,1,1,1,1,1,0
CHQ26_1975,2026,flotante,1,0,0,0,0,1,1,1,0,0,1,1,1,0,1,0
CHQ26_1976,2026,flotante,0,0,0,0,1,1,1,0,0,0,1,1,0,0,0,0
CHQ26_1977,2026,flotante,1,0,1,0,0,1,1,1,0,1,0,1,0,1,0,0
CHQ26_1978,2026,flotante,0,0,1,1,1,0,0,0,0,0,0,0,0,0,1,0
CHQ26_1979,2026,flotante,0,0,1,1,1,1,1,1,1,1,1,0,1,1,0,0
CHQ26_1980,2026,flotante,0,0,0,1,1,1,1,1,1,1,1,1,0,0,0,0
CHQ26_1981,2026,flotante,0,1,1,1,1,1,1,1,0,0,1,1,0,1,1,0
CHQ26_1982,2026,flotante,0,0,0,1,1,1,1,1,0,0,0,1,1,1,1,0
CHQ26_1983,2026,flotante,0,0,1,1,1,1,1,1,1,1,1,1,1,1,1,1
CHQ26_1984,2026,flotante,0,0,0,1,1,1,1,0,0,0,0,0,0,0,0,1
CHQ26_1985,2026,locales,0,0,0,1,1,0,1,1,1,0,0,0,0,0,1,0
CHQ26_1986,2026,locales,1,0,1,0,1,1,1,1,1,1,1,1,1,0,1,1
CHQ26_1987,2026,locales,1,1,0,0,1,1,1,0,1,0,1,1,0,0,1,1
CHQ26_1988,2026,locales,0,0,1,1,1,1,1,1,1,0,0,1,1,1,1,1
CHQ26_1989,2026,locales,0,0,1,1,1,0,1,1,1,1,1,0,1,1,1,1
CHQ26_1990,2026,locales,0,0,1,0,1,1,1,0,1,1,1,1,1,1,1,0
CHQ26_1991,2026,locales,0,0,1,1,1,1,1,0,1,0,1,1,0,0,0,0
CHQ26_1992,2026,locales,1,0,0,1,1,1,1,1,1,0,0,1,1,0,0,0
CHQ26_1993,2026,locales,0,1,1,1,1,1,1,0,1,0,0,1,1,1,0,0
CHQ26_1994,2026,locales,0,0,1,1,1,0,1,1,1,1,0,1,0,0,1,1
CHQ26_1995,2026,locales,1,1,0,0,0,1,1,1,1,1,0,1,0,0,0,0
CHQ26_1996,2026,locales,0,1,1,1,1,1,1,1,0,1,0,1,1,1,1,0
CHQ26_1997,2026,locales,0,0,0,1,1,1,1,1,1,0,0,1,0,0,1,0
CHQ26_1998,2026,locales,1,1,0,0,1,1,1,1,1,1,1,0,0,1,1,1
CHQ26_1999,2026,locales,0,0,1,1,1,1,1,1,1,1,1,1,1,1,0,1
CHQ26_2000,2026,locales,0,0,1,1,1,0,1,0,0,1,0,0,1,0,1,0
CHQ26_2001,2026,locales,0,1,1,1,1,1,1,1,1,1,0,0,1,0,1,0
CHQ26_2002,2026,locales,1,0,0,1,1,1,1,1,1,1,0,1,1,1,1,0
CHQ26_2003,2026,locales,1,0,0,0,1,1,1,1,1,0,0,1,1,0,1,0
CHQ26_2004,2026,locales,1,0,1,0,0,1,1,1,1,1,0,1,0,0,0,0
CHQ26_2005,2026,locales,1,1,1,1,1,1,1,1,1,1,1,1,1,1,1,1
CHQ26_2006,2026,locales,1,1,1,1,1,1,1,1,1,0,0,1,1,1,1,1
CHQ26_2007,2026,locales,1,1,1,1,1,1,1,1,1,1,1,1,1,0,1,0
CHQ26_2008,2026,locales,1,0,0,1,1,1,1,1,1,0,0,1,1,0,1,0
CHQ26_2009,2026,locales,0,1,1,1,1,1,1,1,1,1,1,1,1,1,1,1
CHQ26_2010,2026,locales,1,0,0,0,1,1,0,0,1,0,1,0,0,0,0,0
CHQ26_2011,2026,locales,1,1,0,0,1,1,1,1,1,1,1,0,0,0,1,0
CHQ26_2012,2026,locales,1,1,1,0,1,1,1,0,1,0,1,0,0,0,1,1
CHQ26_2013,2026,locales,1,1,1,1,1,1,1,1,1,0,1,1,1,0,1,0
CHQ26_2014,2026,locales,1,1,0,1,1,1,1,1,1,1,1,0,1,0,1,1
CHQ26_2015,2026,locales,1,1,1,0,1,1,1,1,1,1,1,1,1,1,1,0
CHQ26_2016,2026,locales,0,0,1,1,1,1,1,0,1,0,0,0,1,1,1,1
CHQ26_2017,2026,locales,1,0,1,0,0,1,1,1,0,1,1,1,1,1,1,0
CHQ26_2018,2026,locales,0,0,1,1,1,0,1,0,1,1,0,1,1,1,1,1
CHQ26_2019,2026,locales,1,1,1,1,1,1,1,1,1,0,0,1,1,0,1,0
CHQ26_2020,2026,locales,1,1,1,1,1,1,1,1,1,1,1,1,0,1,1,1
CHQ26_2021,2026,locales,1,0,1,0,0,0,1,0,0,0,1,0,1,0,0,0
CHQ26_2022,2026,locales,1,0,0,0,1,1,1,1,1,1,0,0,0,0,0,0
CHQ26_2023,2026,locales,0,0,0,0,1,0,0,0,0,0,0,0,0,1,0,0
CHQ26_2024,2026,locales,0,0,1,1,1,0,1,0,0,0,0,0,0,0,1,0
CHQ26_2025,2026,locales,1,0,1,1,1,1,1,1,1,0,0,0,1,1,1,1
CHQ26_2026,2026,locales,1,0,1,1,1,1,1,1,1,1,1,1,1,1,0,1
CHQ26_2027,2026,locales,1,0,0,1,1,0,1,0,1,0,0,0,0,0,1,1
CHQ26_2028,2026,locales,0,0,0,0,1,0,0,0,0,0,0,0,0,0,0,1
CHQ26_2029,2026,locales,0,0,1,1,1,0,0,1,0,0,0,0,0,0,0,0
CHQ26_2030,2026,locales,0,1,1,1,1,0,1,1,1,0,0,1,0,0,1,0
CHQ26_2031,2026,locales,1,1,1,1,1,1,1,0,0,1,0,1,1,1,1,0
CHQ26_2032,2026,locales,0,1,0,1,1,1,1,1,1,0,0,1,1,0,1,1
CHQ26_2033,2026,locales,0,0,1,1,0,0,0,0,0,0,0,0,0,0,0,1
CHQ26_2034,2026,locales,0,1,1,1,0,1,1,1,0,0,0,1,1,1,1,0
CHQ26_2035,2026,locales,1,1,1,1,1,1,1,1,1,1,1,1,1,0,0,0
CHQ26_2036,2026,locales,1,0,0,0,0,0,1,0,0,0,0,1,0,0,1,0
CHQ26_2037,2026,locales,0,1,1,1,1,0,1,1,0,0,0,0,1,0,0,0
CHQ26_2038,2026,locales,0,1,1,1,1,0,0,0,1,0,1,1,0,1,1,0
CHQ26_2039,2026,locales,0,0,1,1,1,1,1,1,0,0,1,0,1,1,1,1
CHQ26_2040,2026,locales,1,0,0,0,0,1,1,1,0,0,0,1,1,1,1,0
CHQ26_2041,2026,locales,1,0,0,0,1,1,1,0,0,0,1,1,1,1,1,0
CHQ26_2042,2026,locales,0,0,1,1,1,1,1,0,1,0,0,0,0,,0,1
CHQ26_2043,2026,locales,1,0,0,0,1,0,1,0,0,0,0,0,0,1,0,1
CHQ26_2044,2026,locales,1,1,0,0,0,0,1,0,0,0,0,1,1,1,1,0
CHQ26_2045,2026,locales,1,1,0,0,0,0,0,0,0,0,0,1,0,1,1,0
CHQ26_2046,2026,locales,0,1,1,1,1,0,1,1,0,1,1,1,0,1,1,0
CHQ26_2047,2026,locales,1,1,1,1,1,1,1,1,1,0,0,0,1,0,0,0
CHQ26_2048,2026,locales,1,0,0,0,0,0,1,1,0,0,0,1,0,0,1,1
CHQ26_2049,2026,locales,1,0,1,1,0,0,1,1,0,0,0,1,1,0,1,0
CHQ26_2050,2026,locales,0,0,1,0,0,0,1,0,0,0,1,0,0,0,1,1
CHQ26_2051,2026,locales,0,0,0,0,1,0,0,0,0,0,0,0,0,0,0,0
CHQ26_2052,2026,locales,0,0,0,1,1,1,1,1,0,0,1,1,0,0,0,0
CHQ26_2053,2026,locales,0,0,1,1,1,0,1,1,0,0,0,1,1,1,0,0
CHQ26_2054,2026,locales,1,0,0,1,0,1,1,1,1,1,1,1,1,1,1,1
CHQ26_2055,2026,locales,0,0,1,1,1,1,1,0,1,0,1,0,0,1,1,1
CHQ26_2056,2026,locales,1,0,0,1,1,1,1,1,1,0,0,0,1,0,0,0
CHQ26_2057,2026,locales,0,1,1,1,1,1,1,1,1,1,0,0,1,0,0,0
CHQ26_2058,2026,locales,0,0,1,1,1,1,1,1,1,1,1,1,1,1,0,1
CHQ26_2059,2026,locales,0,1,0,1,1,0,0,0,0,0,0,0,1,0,0,0
CHQ26_2060,2026,locales,0,1,0,1,1,0,1,0,0,0,1,1,0,1,0,0
CHQ26_2061,2026,locales,0,0,1,0,0,1,1,1,0,0,0,0,0,0,0,0
CHQ26_2062,2026,locales,1,1,1,1,1,1,1,0,0,0,0,0,0,0,0,0
CHQ26_2063,2026,locales,0,0,1,1,1,1,1,0,1,0,1,1,1,1,1,0
CHQ26_2064,2026,locales,0,1,0,1,1,0,0,1,1,0,0,0,0,1,1,0
CHQ26_2065,2026,locales,0,0,0,1,1,1,1,1,0,0,0,0,1,0,1,1
CHQ26_2066,2026,locales,1,0,1,1,1,1,1,1,1,1,1,1,1,1,1,1
CHQ26_2067,2026,locales,0,0,0,1,1,1,0,0,0,0,0,0,0,0,1,1
CHQ26_2068,2026,locales,0,0,1,1,1,1,1,1,1,1,1,1,1,1,1,0
CHQ26_2069,2026,locales,0,0,0,1,1,1,1,0,0,1,0,1,1,1,1,1
CHQ26_2070,2026,locales,1,1,1,1,1,1,1,1,1,1,0,1,1,1,1,1
CHQ26_2071,2026,locales,1,0,1,1,1,1,1,1,1,1,0,0,0,0,1,1
CHQ26_2072,2026,locales,1,1,1,0,0,1,1,0,0,0,0,0,0,0,1,0
CHQ26_2073,2026,locales,1,0,1,1,0,0,1,1,0,0,0,0,1,1,0,1
CHQ26_2074,2026,locales,1,1,1,1,1,1,1,1,1,1,1,0,1,1,1,0
CHQ26_2075,2026,locales,0,0,1,1,1,0,1,1,1,0,0,1,0,0,0,1
CHQ26_2076,2026,locales,0,1,0,1,0,1,1,0,0,0,0,0,1,1,1,0
CHQ26_2077,2026,locales,0,0,1,1,1,0,1,0,0,0,0,1,1,1,1,0
CHQ26_2078,2026,locales,0,0,1,1,1,1,1,1,0,0,0,0,1,1,1,0
CHQ26_2079,2026,locales,0,0,0,0,1,0,1,1,0,0,0,0,0,0,1,1
CHQ26_2080,2026,locales,0,0,1,1,1,1,1,1,1,1,1,1,1,1,1,0
CHQ26_2081,2026,locales,0,0,1,1,1,0,0,1,0,0,0,0,0,0,0,0
CHQ26_2082,2026,locales,0,0,0,1,1,1,0,0,0,0,0,0,1,1,0,1
CHQ26_2083,2026,locales,0,0,1,1,1,1,1,1,1,1,1,0,0,1,0,1
CHQ26_2084,2026,locales,0,0,0,1,1,1,1,1,1,1,0,1,1,1,0,0
CHQ26_2085,2026,locales,0,0,1,1,1,1,1,1,1,1,1,0,1,0,1,1
CHQ26_2086,2026,locales,0,0,1,1,1,1,1,1,1,0,0,1,0,0,0,1
CHQ26_2087,2026,locales,0,0,1,1,1,0,0,0,0,0,0,0,1,0,1,0
CHQ26_2088,2026,locales,1,1,0,0,1,0,1,0,0,1,0,0,0,0,0,0
CHQ26_2089,2026,locales,0,0,1,1,1,1,1,0,0,1,0,0,0,1,0,1
CHQ26_2090,2026,locales,1,0,1,1,0,1,1,1,1,1,1,1,1,1,1,1
CHQ26_2091,2026,locales,1,1,0,0,0,1,1,1,1,0,0,0,1,0,0,0
CHQ26_2092,2026,locales,1,1,1,1,1,0,1,0,0,0,0,1,0,1,1,0
CHQ26_2093,2026,locales,1,0,0,1,1,1,1,0,0,1,0,0,0,0,1,0
CHQ26_2094,2026,locales,1,1,0,1,1,1,1,1,1,0,0,0,0,0,0,0
CHQ26_2095,2026,locales,0,0,1,1,1,1,1,1,1,1,1,1,1,1,1,0
CHQ26_2096,2026,locales,0,0,0,1,1,0,0,1,1,0,0,0,0,0,0,0
CHQ26_2097,2026,locales,1,1,1,1,1,0,1,1,1,0,0,0,1,1,0,0
CHQ26_2098,2026,locales,1,1,1,1,1,0,0,0,0,0,0,0,1,0,0,0
CHQ26_2099,2026,locales,1,1,0,0,0,1,1,1,1,0,0,0,0,0,0,0
CHQ26_2100,2026,locales,1,1,1,1,0,1,1,1,1,0,1,1,1,1,1,1
CHQ26_2101,2026,locales,1,1,0,0,1,1,1,1,1,0,1,1,1,1,1,1
CHQ26_2102,2026,locales,1,1,1,1,1,1,1,1,1,1,1,1,1,1,1,1
CHQ26_2103,2026,locales,1,1,1,1,1,0,1,0,0,0,1,1,1,0,,0
CHQ26_2104,2026,locales,1,0,1,1,1,0,0,0,0,0,0,0,0,0,1,0
CHQ26_2105,2026,locales,1,0,1,1,1,1,1,1,1,1,1,1,1,1,1,0
CHQ26_2106,2026,locales,0,0,0,1,1,1,1,0,0,0,1,0,0,0,0,1
CHQ26_2107,2026,locales,0,1,1,1,1,0,1,0,0,0,0,0,0,1,1,1
CHQ26_2108,2026,locales,1,0,1,1,1,1,1,1,1,1,1,1,1,1,,0
CHQ26_2109,2026,locales,1,1,1,1,1,1,1,1,1,1,1,1,0,0,1,1
CHQ26_2110,2026,locales,1,1,1,1,1,1,1,1,0,0,1,1,1,0,1,1
CHQ26_2111,2026,locales,1,1,1,1,1,1,1,1,1,1,1,1,1,1,1,1
CHQ26_2112,2026,locales,1,0,1,1,1,1,1,0,1,1,0,1,1,0,1,1
CHQ26_2113,2026,locales,1,0,1,0,1,1,1,1,1,0,1,0,1,0,1,1
CHQ26_2114,2026,locales,1,1,1,1,0,1,1,1,1,0,1,1,1,0,1,1
CHQ26_2115,2026,locales,1,0,1,1,1,1,1,1,1,0,0,1,1,1,1,0
CHQ26_2116,2026,locales,1,1,1,1,1,1,1,1,1,0,1,0,1,0,1,0
CHQ26_2117,2026,locales,1,0,1,1,1,1,1,1,0,0,1,1,1,1,1,1
CHQ26_2118,2026,locales,1,0,1,1,1,0,1,0,0,0,0,0,1,1,,0
CHQ26_2119,2026,locales,0,0,1,1,1,1,1,1,0,0,0,1,0,0,1,1
CHQ26_2120,2026,locales,0,0,0,0,1,1,1,1,1,1,1,0,0,0,1,0
CHQ26_2121,2026,locales,1,0,1,1,1,0,0,0,0,0,0,0,0,0,0,1
CHQ26_2122,2026,locales,1,0,1,0,1,0,0,0,0,0,0,0,0,0,1,1
CHQ26_2123,2026,locales,1,0,1,1,1,0,0,0,0,0,0,1,1,0,0,0
CHQ26_2124,2026,locales,0,0,1,1,1,1,0,0,1,0,0,0,0,0,0,1
CHQ26_2125,2026,locales,1,0,1,1,1,0,1,1,1,0,0,0,0,0,0,1
CHQ26_2126,2026,locales,1,1,1,0,0,0,1,1,1,1,1,1,0,0,1,0
CHQ26_2127,2026,locales,1,0,1,1,1,0,0,1,1,0,0,1,0,0,0,0
CHQ26_2128,2026,locales,1,0,1,1,0,0,0,0,0,1,1,0,0,0,0,1
CHQ26_2129,2026,locales,1,1,0,1,1,1,1,1,0,0,0,1,1,1,1,1
CHQ26_2130,2026,locales,1,0,1,0,1,0,0,0,0,0,0,0,0,0,0,0
CHQ26_2131,2026,locales,1,1,1,0,1,0,1,1,1,0,0,1,1,0,1,0
CHQ26_2132,2026,locales,0,0,1,1,1,1,1,1,0,1,1,0,1,1,1,0
CHQ26_2133,2026,locales,0,0,1,0,1,1,1,1,1,1,1,1,1,1,1,1
CHQ26_2134,2026,locales,1,0,0,1,1,1,1,1,0,0,0,0,1,1,1,1
CHQ26_2135,2026,locales,1,0,1,1,1,0,1,1,1,1,1,1,1,1,1,0
CHQ26_2136,2026,locales,1,1,0,0,0,1,1,0,0,0,0,1,1,0,0,0
CHQ26_2137,2026,locales,0,0,1,1,1,1,1,0,0,0,0,1,0,0,1,0
CHQ26_2138,2026,locales,1,0,0,1,1,1,1,1,1,0,0,0,0,0,1,0
CHQ26_2139,2026,locales,1,1,1,1,1,1,1,1,,1,1,1,1,1,0,0
CHQ26_2140,2026,locales,1,0,0,1,1,1,1,1,1,0,0,0,1,0,1,0
CHQ26_2141,2026,locales,0,0,1,1,1,1,1,1,1,0,1,1,1,0,0,0
CHQ26_2142,2026,locales,0,1,1,1,1,1,1,1,0,0,0,1,0,1,1,1
CHQ26_2143,2026,locales,0,0,1,1,1,0,1,0,0,0,0,0,0,1,1,0
CHQ26_2144,2026,locales,0,0,1,0,0,0,0,1,1,1,0,0,1,0,0,0
CHQ26_2145,2026,locales,1,0,1,0,1,1,1,1,0,0,1,1,0,1,1,0
CHQ26_2146,2026,locales,0,0,1,1,1,1,1,1,1,0,1,0,1,0,1,1
CHQ26_2147,2026,locales,0,0,1,1,0,1,1,1,1,0,1,1,1,1,1,1
CHQ26_2148,2026,locales,0,0,1,1,1,1,1,1,1,1,1,1,0,1,1,1
CHQ26_2149,2026,locales,1,0,1,1,1,0,1,1,1,1,1,0,0,1,1,1
CHQ26_2150,2026,locales,0,1,1,1,1,1,1,1,1,1,1,1,1,1,0,1
CHQ26_2151,2026,locales,1,1,0,0,1,0,1,1,1,0,1,0,0,0,0,0
CHQ26_2152,2026,locales,1,0,1,1,1,1,1,1,0,0,1,1,1,1,1,0
CHQ26_2153,2026,locales,1,0,0,0,0,1,1,1,1,0,1,1,1,0,0,0
CHQ26_2154,2026,locales,1,0,1,1,1,1,1,1,1,0,0,0,1,1,1,0
CHQ26_2155,2026,locales,0,1,0,1,1,1,1,1,1,1,1,0,0,1,1,0
CHQ26_2156,2026,locales,0,0,1,1,1,1,1,1,1,1,0,1,1,1,1,0
CHQ26_2157,2026,locales,1,1,1,1,1,1,1,1,1,1,1,1,0,1,0,0
CHQ26_2158,2026,locales,0,0,1,1,1,1,1,0,0,0,0,0,0,0,0,0
CHQ26_2159,2026,locales,1,0,0,1,1,1,1,1,1,0,0,1,0,0,1,0
CHQ26_2160,2026,locales,0,1,0,0,1,1,1,0,0,0,1,0,0,0,1,0
CHQ26_2161,2026,locales,0,0,0,0,0,1,1,1,1,0,0,1,0,0,1,1
CHQ26_2162,2026,locales,0,0,1,1,1,1,1,0,0,0,0,0,0,0,1,1
CHQ26_2163,2026,locales,1,1,1,1,1,1,1,1,1,1,1,0,0,1,1,0
CHQ26_2164,2026,locales,1,1,1,1,1,1,1,1,1,0,1,0,1,1,1,1
CHQ26_2165,2026,locales,1,1,1,1,1,1,1,1,1,1,1,1,1,1,1,0
CHQ26_2166,2026,locales,1,0,1,1,1,1,1,0,0,1,1,1,1,1,0,0
CHQ26_2167,2026,locales,1,1,0,0,1,1,1,1,1,1,1,0,0,0,0,0
CHQ26_2168,2026,locales,0,0,1,1,1,0,1,0,0,0,1,1,1,0,1,0
CHQ26_2169,2026,locales,1,1,1,1,1,1,1,1,1,1,1,0,0,1,0,0
CHQ26_2170,2026,locales,0,1,1,1,1,0,1,1,1,1,1,1,1,1,1,1
CHQ26_2171,2026,locales,1,0,1,1,1,1,1,1,1,0,0,0,0,0,0,0
CHQ26_2172,2026,locales,1,1,0,1,1,1,1,1,1,1,1,1,1,0,1,1
CHQ26_2173,2026,locales,1,0,0,1,1,1,1,0,0,0,0,0,0,0,1,1
CHQ26_2174,2026,locales,1,0,1,1,1,1,1,1,1,1,1,1,1,1,1,1
CHQ26_2175,2026,locales,0,0,1,1,1,1,1,1,0,1,1,0,1,1,1,0
CHQ26_2176,2026,locales,0,1,0,1,1,1,1,1,1,0,0,1,1,1,1,0
CHQ26_2177,2026,locales,1,0,1,1,1,1,1,1,1,1,1,1,1,1,1,1
CHQ26_2178,2026,locales,1,0,1,1,1,1,1,1,0,0,1,0,0,0,0,0
CHQ26_2179,2026,locales,1,0,1,1,1,1,1,1,0,0,0,0,1,1,1,0
CHQ26_2180,2026,locales,0,1,1,1,1,0,0,0,0,1,1,0,0,0,1,1
CHQ26_2181,2026,locales,1,0,1,1,1,0,1,1,0,0,0,1,0,0,1,0
CHQ26_2182,2026,locales,1,1,1,1,1,1,1,1,1,1,1,1,1,1,1,0
CHQ26_2183,2026,locales,0,0,0,1,1,1,1,0,0,0,0,1,1,0,1,1
CHQ26_2184,2026,locales,1,0,1,1,1,1,1,1,0,0,0,1,0,0,1,0
CHQ26_2185,2026,locales,1,1,1,1,1,1,1,1,1,1,1,1,1,1,0,1
CHQ26_2186,2026,locales,1,0,1,1,1,1,1,1,1,1,1,1,1,1,1,0
CHQ26_2187,2026,locales,1,0,1,1,1,1,1,1,0,0,0,0,1,1,1,1
CHQ26_2188,2026,locales,1,0,1,1,1,1,1,1,1,1,0,0,0,0,0,0
CHQ26_2189,2026,locales,0,0,0,0,0,1,0,1,1,0,0,1,1,0,1,1
CHQ26_2190,2026,locales,1,0,1,1,1,1,1,1,0,0,0,1,0,1,1,0
CHQ26_2191,2026,locales,0,0,1,1,1,1,1,1,1,0,0,1,1,1,0,0
CHQ26_2192,2026,locales,0,1,1,1,0,1,1,1,0,0,1,1,1,1,1,0
CHQ26_2193,2026,locales,0,1,1,1,1,0,0,1,0,0,0,1,1,1,1,1
CHQ26_2194,2026,locales,1,0,1,1,0,1,1,1,0,1,0,0,1,0,1,0
CHQ26_2195,2026,locales,0,0,1,1,1,1,1,0,0,0,1,0,1,0,0,1
CHQ26_2196,2026,locales,1,0,1,1,1,1,1,0,0,0,0,0,1,1,1,1
CHQ26_2197,2026,locales,0,0,0,1,1,1,0,1,0,0,0,1,1,0,1,0
CHQ26_2198,2026,locales,1,1,1,1,1,1,1,1,1,1,0,1,1,1,1,0
CHQ26_2199,2026,locales,0,0,1,1,1,1,1,1,0,0,1,0,0,0,0,0
CHQ26_2200,2026,locales,0,0,1,1,1,0,1,1,1,0,0,0,0,0,1,1
CHQ26_2201,2026,locales,0,0,1,1,1,1,1,1,0,0,0,0,1,1,0,0
CHQ26_2202,2026,locales,1,0,1,1,1,1,1,1,1,0,1,0,1,1,1,1
CHQ26_2203,2026,locales,1,1,0,1,1,1,1,1,1,1,1,1,1,1,1,0
CHQ26_2204,2026,locales,0,1,1,1,1,1,0,1,0,0,0,1,1,1,0,0
CHQ26_2205,2026,locales,0,1,1,1,1,1,0,0,0,0,0,1,0,0,1,0
CHQ26_2206,2026,locales,0,1,1,1,0,1,0,1,1,0,0,1,1,0,1,0
CHQ26_2207,2026,locales,0,0,1,1,1,1,0,1,0,1,0,0,1,1,0,1
CHQ26_2208,2026,locales,1,1,1,1,1,1,1,1,1,0,0,0,0,0,1,0
CHQ26_2209,2026,locales,1,0,1,1,1,1,1,1,0,1,0,0,0,1,0,0
CHQ26_2210,2026,locales,0,0,1,1,1,1,1,1,0,0,0,0,1,1,1,1
CHQ26_2211,2026,locales,1,0,1,1,1,1,1,1,1,1,1,1,1,1,1,1
CHQ26_2212,2026,locales,0,0,1,1,1,1,1,1,1,1,0,0,1,1,0,1
CHQ26_2213,2026,locales,1,0,1,1,1,1,1,1,1,0,0,0,0,0,0,1
CHQ26_2214,2026,locales,0,0,1,1,1,0,0,0,0,0,0,0,1,1,0,0
CHQ26_2215,2026,locales,0,1,1,1,1,1,0,0,1,0,1,1,1,1,1,1
CHQ26_2216,2026,locales,0,0,1,1,1,1,1,1,0,0,0,0,1,1,1,1
CHQ26_2217,2026,locales,0,1,1,1,1,0,0,0,0,0,0,0,0,0,1,0
CHQ26_2218,2026,locales,0,0,1,1,1,1,1,0,0,0,0,0,0,0,1,1
CHQ26_2219,2026,locales,0,1,1,1,1,1,1,1,1,1,1,1,1,1,1,1
CHQ26_2220,2026,locales,1,1,1,0,1,1,1,1,1,1,0,0,0,0,1,0
CHQ26_2221,2026,locales,0,0,1,1,1,0,0,0,0,0,0,1,1,0,1,0
CHQ26_2222,2026,locales,0,0,1,1,1,1,1,1,1,1,1,1,1,1,1,1
CHQ26_2223,2026,locales,1,1,0,0,1,1,1,0,0,0,1,1,0,0,0,0
CHQ26_2224,2026,locales,1,1,1,0,1,1,1,1,0,0,0,0,0,0,0,1
CHQ26_2225,2026,locales,0,1,1,1,1,1,1,1,1,1,1,1,1,1,1,1
CHQ26_2226,2026,locales,0,0,0,1,1,1,0,1,0,0,0,1,0,0,1,1
CHQ26_2227,2026,locales,0,0,1,1,1,0,1,0,0,0,0,1,0,0,0,0
CHQ26_2228,2026,locales,0,1,1,1,1,1,1,1,1,0,0,0,1,1,0,0
CHQ26_2229,2026,locales,0,0,0,1,1,1,0,1,0,0,0,1,1,0,1,0
CHQ26_2230,2026,locales,1,0,1,1,0,1,1,1,1,1,1,1,1,1,1,1
CHQ26_2231,2026,locales,0,1,1,1,1,1,1,1,0,0,1,0,1,1,0,1
CHQ26_2232,2026,locales,1,0,1,1,1,1,1,1,0,0,0,1,0,0,1,1
CHQ26_2233,2026,locales,1,1,1,1,1,1,1,1,0,0,0,0,0,0,1,0
CHQ26_2234,2026,locales,1,1,1,1,1,1,1,1,1,0,1,1,0,1,0,1
CHQ26_2235,2026,locales,1,0,1,1,1,1,1,1,1,1,0,1,1,1,1,1
CHQ26_2236,2026,locales,0,1,1,0,1,1,0,1,0,0,0,1,1,1,1,1
CHQ26_2237,2026,locales,1,0,0,1,1,1,1,1,0,0,0,1,0,1,0,0
CHQ26_2238,2026,locales,0,0,1,1,1,1,1,1,1,0,0,0,0,1,1,1
CHQ26_2239,2026,locales,1,0,1,1,0,1,1,1,0,0,1,1,0,1,1,0
CHQ26_2240,2026,locales,1,0,1,1,1,1,1,1,1,1,1,1,1,1,1,0
CHQ26_2241,2026,locales,0,1,1,1,1,1,1,1,1,0,0,1,1,0,1,0
CHQ26_2242,2026,locales,0,0,1,1,1,0,1,0,0,0,0,0,0,0,0,1
CHQ26_2243,2026,locales,0,1,1,1,1,1,1,1,1,0,1,1,0,1,1,1
CHQ26_2244,2026,locales,0,0,0,1,1,1,1,0,0,0,0,1,1,1,1,1
CHQ26_2245,2026,locales,0,0,0,1,1,1,0,1,1,1,1,1,1,0,1,0
CHQ26_2246,2026,locales,0,0,1,1,1,1,1,1,1,1,1,1,1,1,1,0
CHQ26_2247,2026,locales,1,0,0,0,0,0,1,0,1,0,0,0,1,0,0,1
CHQ26_2248,2026,locales,0,0,0,1,1,1,1,1,1,1,1,1,1,1,1,0
CHQ26_2249,2026,locales,0,1,1,1,1,0,1,1,1,1,1,1,1,1,1,1
CHQ26_2250,2026,locales,0,1,1,1,1,1,1,1,1,1,0,1,1,1,1,0
CHQ26_2251,2026,locales,1,0,1,1,1,0,1,1,1,1,1,1,1,1,1,0
CHQ26_2252,2026,locales,0,0,1,1,0,0,1,1,1,0,0,0,0,0,0,1
CHQ26_2253,2026,locales,1,1,1,1,0,1,1,1,1,0,1,1,1,1,0,1
CHQ26_2254,2026,locales,1,0,1,1,1,1,1,1,1,1,1,1,1,1,1,1
CHQ26_2255,2026,locales,0,0,1,1,1,0,1,0,0,0,0,0,0,0,1,1
CHQ26_2256,2026,locales,1,0,1,1,1,1,1,1,0,0,1,0,1,1,1,1
CHQ26_2257,2026,locales,1,0,1,1,1,1,1,1,1,1,1,1,0,0,0,1
CHQ26_2258,2026,locales,1,1,0,0,1,1,1,1,1,1,1,0,0,0,1,1
CHQ26_2259,2026,locales,0,1,0,0,0,0,1,1,1,1,0,1,1,1,1,0
CHQ26_2260,2026,locales,1,1,1,1,1,0,1,1,1,1,1,1,0,0,1,0
CHQ26_2261,2026,locales,1,0,1,0,0,1,1,1,1,0,1,0,0,0,1,0
CHQ26_2262,2026,locales,1,1,0,0,1,1,1,1,1,0,0,0,0,0,1,0
CHQ26_2263,2026,locales,1,0,1,1,1,0,1,0,1,0,0,1,1,0,0,1
CHQ26_2264,2026,locales,0,0,1,1,1,1,1,1,0,0,0,0,0,0,1,1
CHQ26_2265,2026,locales,0,1,0,1,1,1,1,1,1,1,0,1,1,1,1,1
CHQ26_2266,2026,locales,1,0,1,1,1,1,1,1,1,0,0,0,0,0,1,1
CHQ26_2267,2026,locales,0,0,0,1,1,1,1,1,1,1,0,1,1,1,1,0
CHQ26_2268,2026,locales,1,1,1,1,1,1,1,1,1,0,0,0,1,1,1,0
CHQ26_2269,2026,locales,1,1,1,1,1,1,1,1,1,0,0,1,1,0,1,0
CHQ26_2270,2026,locales,1,0,1,1,0,1,1,0,0,0,0,0,0,0,0,0
CHQ26_2271,2026,locales,0,1,1,1,1,1,1,1,1,0,0,0,1,1,1,0
CHQ26_2272,2026,locales,1,0,0,1,1,1,1,0,0,0,1,0,0,0,0,0
CHQ26_2273,2026,locales,0,0,1,1,1,0,1,1,0,0,0,0,1,1,0,1
CHQ26_2274,2026,locales,0,0,1,1,1,1,1,1,0,0,0,0,1,1,1,1
CHQ26_2275,2026,locales,0,0,1,1,1,1,1,1,1,1,1,1,1,1,1,0
CHQ26_2276,2026,locales,1,0,1,1,1,1,1,1,0,0,0,0,0,0,1,1
CHQ26_2277,2026,locales,1,1,1,1,1,1,1,1,1,0,1,1,1,1,1,1
CHQ26_2278,2026,locales,1,1,1,1,1,1,1,1,1,1,0,1,1,1,0,1
CHQ26_2279,2026,locales,0,0,1,0,1,1,1,1,1,0,1,0,1,1,1,1
CHQ26_2280,2026,locales,0,1,1,0,1,1,1,1,0,1,0,0,0,1,1,0
CHQ26_2281,2026,locales,1,1,0,0,1,1,1,0,1,0,1,1,1,0,1,1
CHQ26_2282,2026,locales,0,0,1,1,1,1,1,1,1,0,1,0,1,1,0,1
CHQ26_2283,2026,locales,1,1,0,0,1,1,1,1,1,0,1,1,0,1,1,1
CHQ26_2284,2026,locales,1,1,1,1,1,1,1,1,1,0,0,1,1,1,1,1
CHQ26_2285,2026,locales,0,0,0,1,0,0,0,0,0,0,0,0,1,0,1,0
CHQ26_2286,2026,locales,1,1,1,1,1,0,1,1,1,0,0,0,0,1,1,1
CHQ26_2287,2026,locales,1,1,1,1,1,0,1,1,0,0,0,0,0,0,1,1
CHQ26_2288,2026,locales,0,0,1,1,1,1,1,1,1,0,0,0,0,1,1,0
CHQ26_2289,2026,locales,1,1,1,1,1,1,1,1,1,0,0,0,1,1,1,1
CHQ26_2290,2026,locales,0,0,1,1,1,1,1,1,1,0,0,0,1,0,1,0
CHQ26_2291,2026,locales,1,1,1,1,1,1,1,0,1,0,0,1,1,0,1,0
CHQ26_2292,2026,locales,1,0,1,0,1,1,1,1,1,1,0,0,1,1,1,0
CHQ26_2293,2026,locales,1,0,1,1,1,0,1,0,0,0,0,0,0,0,1,0
CHQ26_2294,2026,locales,1,1,1,1,1,1,1,1,1,0,1,1,1,1,1,1
CHQ26_2295,2026,locales,1,1,1,1,1,0,1,1,0,0,1,1,0,0,1,0
CHQ26_2296,2026,locales,0,0,1,1,1,1,1,1,1,1,1,1,1,0,1,0
CHQ26_2297,2026,locales,0,1,1,1,1,1,1,1,1,1,1,1,1,1,1,1
CHQ26_2298,2026,locales,1,1,1,0,1,0,1,1,0,0,1,1,0,0,1,0
CHQ26_2299,2026,locales,0,1,1,1,1,1,1,1,1,0,1,1,1,0,1,0
CHQ26_2300,2026,locales,1,1,1,1,1,0,1,1,1,0,0,0,0,0,1,1
CHQ26_2301,2026,locales,1,1,1,1,0,0,1,1,0,0,0,0,0,0,1,0
CHQ26_2302,2026,locales,1,0,1,1,1,1,1,1,1,0,1,0,1,1,1,0
CHQ26_2303,2026,locales,0,0,1,1,1,1,1,1,1,1,0,0,0,1,1,1
CHQ26_2304,2026,locales,1,0,1,1,1,1,1,0,0,0,0,1,1,1,1,1
CHQ26_2305,2026,locales,0,0,1,1,1,1,1,1,1,1,0,1,1,1,1,0
CHQ26_2306,2026,locales,1,1,1,1,1,1,1,1,1,1,1,1,1,1,0,0
CHQ26_2307,2026,locales,1,0,1,1,1,1,1,1,1,0,0,1,0,0,1,1
CHQ26_2308,2026,locales,0,0,1,1,1,1,1,1,1,0,0,0,0,0,1,0
CHQ26_2309,2026,locales,0,0,1,1,1,1,1,0,0,0,0,0,0,1,1,1
CHQ26_2310,2026,locales,1,1,1,1,1,0,0,0,0,0,1,0,0,0,0,1
CHQ26_2311,2026,locales,1,0,1,1,1,1,1,1,1,0,0,0,1,1,1,1
CHQ26_2312,2026,locales,0,1,1,1,1,1,1,1,0,0,1,0,1,0,1,1
CHQ26_2313,2026,locales,1,0,1,1,1,1,1,1,1,1,0,0,1,0,0,0
CHQ26_2314,2026,locales,1,1,1,1,1,1,1,1,1,1,0,1,0,0,1,0
CHQ26_2315,2026,locales,0,1,1,1,1,0,1,1,1,1,0,1,0,0,1,0
CHQ26_2316,2026,locales,1,0,1,1,1,1,1,1,0,1,0,0,1,0,1,0
CHQ26_2317,2026,locales,0,0,1,1,1,0,1,0,0,0,0,0,0,0,1,1
CHQ26_2318,2026,locales,0,0,1,1,1,0,1,1,1,1,1,0,1,0,1,1
CHQ26_2319,2026,locales,1,0,0,1,1,1,1,1,1,1,1,1,1,1,1,0
CHQ26_2320,2026,locales,0,0,0,1,1,1,1,1,0,0,1,1,1,1,1,0
CHQ26_2321,2026,locales,0,0,1,1,1,1,1,0,0,1,0,1,0,0,1,1
CHQ26_2322,2026,locales,1,0,1,1,0,1,1,1,1,0,0,0,1,0,1,0
CHQ26_2323,2026,locales,1,1,1,1,1,1,1,1,1,0,1,0,1,1,1,0
CHQ26_2324,2026,locales,1,0,1,0,1,1,1,1,1,0,0,0,1,1,0,0
CHQ26_2325,2026,locales,0,1,0,1,1,1,0,1,1,0,1,1,0,1,1,1
CHQ26_2326,2026,locales,1,1,1,1,1,1,1,1,1,0,1,1,1,0,1,0
CHQ26_2327,2026,locales,1,1,1,1,1,1,1,1,1,1,1,1,1,0,0,1
CHQ26_2328,2026,locales,1,0,1,1,1,1,1,1,1,0,1,0,0,0,1,0
CHQ26_2329,2026,locales,1,0,1,1,1,0,1,1,0,0,0,1,1,0,1,0
CHQ26_2330,2026,locales,0,1,1,1,1,1,1,1,0,0,0,0,1,1,1,0
CHQ26_2331,2026,locales,1,1,1,1,1,1,1,1,0,0,0,0,0,0,1,0
CHQ26_2332,2026,locales,1,1,1,0,1,0,1,1,0,1,1,0,0,1,1,0
CHQ26_2333,2026,locales,0,0,1,1,1,1,1,1,0,0,0,0,0,1,1,0
CHQ26_2334,2026,locales,1,0,1,1,1,1,1,1,0,0,0,1,0,0,1,0
CHQ26_2335,2026,locales,1,1,0,1,1,1,1,0,0,0,0,0,0,0,1,0
CHQ26_2336,2026,locales,0,0,1,1,1,1,1,1,1,1,1,1,1,1,1,0
CHQ26_2337,2026,locales,0,0,1,1,1,1,1,1,0,0,0,1,1,0,1,0
CHQ26_2338,2026,locales,0,0,1,1,1,1,0,0,0,1,0,1,1,1,1,1
CHQ26_2339,2026,locales,0,1,1,1,1,1,1,1,0,0,0,0,1,1,1,0
CHQ26_2340,2026,locales,1,1,1,1,1,1,1,1,0,0,0,1,1,1,1,0
CHQ26_2341,2026,locales,1,1,1,1,1,1,1,1,0,0,0,1,1,1,1,0
CHQ26_2342,2026,locales,0,0,1,1,1,1,1,1,0,0,1,1,0,1,1,1
CHQ26_2343,2026,locales,1,1,0,1,1,0,1,1,0,0,0,0,0,0,1,0
CHQ26_2344,2026,locales,1,1,1,0,1,1,0,0,0,0,0,1,0,1,1,1
CHQ26_2345,2026,locales,1,0,1,1,1,1,1,1,1,0,1,0,1,0,1,1
CHQ26_2346,2026,locales,0,0,1,1,1,1,1,1,1,1,0,1,1,0,1,1
CHQ26_2347,2026,locales,1,0,0,0,1,1,1,0,0,1,1,1,1,0,0,0
CHQ26_2348,2026,locales,1,1,1,1,1,1,1,1,1,1,1,1,1,0,1,0
CHQ26_2349,2026,locales,1,1,1,1,1,1,1,0,0,0,1,0,0,0,1,1
CHQ26_2350,2026,locales,1,0,0,0,1,0,0,0,0,0,0,0,0,0,0,1
CHQ26_2351,2026,locales,1,1,1,1,1,1,1,0,0,0,0,1,1,0,0,1
CHQ26_2352,2026,locales,1,0,1,1,1,1,1,1,1,1,1,0,1,1,1,0
CHQ26_2353,2026,autonomo,0,0,1,1,1,1,1,1,1,0,0,1,0,0,1,1
CHQ26_2354,2026,autonomo,0,1,1,1,1,1,1,1,1,1,1,1,0,1,1,1
CHQ26_2355,2026,autonomo,1,1,1,1,1,1,1,1,0,1,1,1,1,1,1,0
CHQ26_2356,2026,autonomo,0,0,1,1,1,1,1,1,1,1,1,1,1,1,1,0
CHQ26_2357,2026,autonomo,0,0,1,1,1,1,1,1,0,1,1,1,0,1,0,0
CHQ26_2358,2026,autonomo,1,1,1,1,1,1,1,1,1,1,1,1,1,1,0,1
CHQ26_2359,2026,autonomo,1,1,1,1,1,1,1,1,1,0,1,1,1,0,1,0
CHQ26_2360,2026,autonomo,1,0,1,1,1,1,1,1,0,1,1,1,1,1,0,1
CHQ26_2361,2026,autonomo,1,1,1,0,1,1,1,1,1,1,1,1,0,0,1,1
CHQ26_2362,2026,autonomo,1,1,1,1,1,1,1,1,1,1,1,0,0,1,0,1
CHQ26_2363,2026,autonomo,0,1,1,1,1,1,1,0,0,0,0,1,1,1,1,0
CHQ26_2364,2026,autonomo,0,1,1,0,1,0,1,0,0,0,0,1,0,0,0,0
CHQ26_2365,2026,autonomo,0,0,1,1,1,1,1,1,1,0,0,1,0,0,1,1
CHQ26_2366,2026,autonomo,0,0,1,1,1,1,1,1,1,1,1,0,0,1,0,1
CHQ26_2367,2026,autonomo,0,0,1,1,1,1,1,1,1,0,1,0,1,0,1,0
CHQ26_2368,2026,autonomo,0,0,0,0,1,0,1,0,1,0,1,0,0,0,1,0
CHQ26_2369,2026,autonomo,1,1,1,1,1,1,1,1,1,0,0,0,0,1,0,1
CHQ26_2370,2026,autonomo,1,1,1,1,1,1,1,1,1,0,1,0,1,1,1,0
CHQ26_2371,2026,autonomo,0,0,1,1,1,1,1,1,0,0,1,0,0,1,1,1
CHQ26_2372,2026,autonomo,0,0,1,1,1,1,0,0,0,0,1,0,1,0,1,0
CHQ26_2373,2026,autonomo,1,0,0,0,0,0,1,1,1,0,0,1,1,1,1,0
CHQ26_2374,2026,autonomo,0,0,0,1,1,0,1,1,0,1,0,0,0,1,0,1
CHQ26_2375,2026,autonomo,0,0,1,1,1,1,1,1,0,1,1,1,0,1,1,0
CHQ26_2376,2026,autonomo,1,1,1,1,0,1,1,1,0,0,1,0,0,1,0,0
CHQ26_2377,2026,autonomo,1,1,1,1,1,1,1,1,1,1,0,1,1,1,0,1
CHQ26_2378,2026,autonomo,1,1,1,1,1,1,1,1,1,1,1,1,1,1,1,0
CHQ26_2379,2026,autonomo,1,0,1,0,1,1,1,1,1,0,0,1,1,1,1,1
CHQ26_2380,2026,autonomo,1,1,1,1,1,1,1,1,1,1,1,1,0,1,1,1
CHQ26_2381,2026,autonomo,0,1,1,1,1,1,1,1,1,0,0,0,0,1,1,0
CHQ26_2382,2026,autonomo,1,0,1,1,1,0,0,0,0,0,0,1,1,0,0,0
CHQ26_2383,2026,autonomo,1,1,1,1,1,1,1,1,1,1,1,1,1,1,0,0
CHQ26_2384,2026,autonomo,0,1,1,0,1,0,1,0,0,0,0,0,1,1,0,0
CHQ26_2385,2026,autonomo,1,0,1,1,1,1,1,1,1,1,1,1,1,1,1,1
CHQ26_2386,2026,autonomo,0,0,1,1,0,0,1,0,0,0,0,0,0,1,1,0
CHQ26_2387,2026,autonomo,1,1,1,1,1,0,1,1,0,0,0,0,0,1,0,0
CHQ26_2388,2026,autonomo,1,0,1,1,1,1,1,1,1,1,0,0,1,1,1,0
CHQ26_2389,2026,autonomo,0,0,1,1,1,1,1,1,0,0,0,1,1,1,1,0
CHQ26_2390,2026,autonomo,0,0,0,1,1,0,1,0,1,0,0,0,0,1,1,0
CHQ26_2391,2026,autonomo,0,0,1,1,1,1,1,1,1,1,0,1,1,1,1,0
CHQ26_2392,2026,autonomo,1,1,1,1,1,1,1,1,1,0,0,1,0,1,0,0
CHQ26_2393,2026,autonomo,1,0,1,1,1,1,1,1,1,0,0,1,0,0,1,1
CHQ26_2394,2026,autonomo,1,1,1,1,1,1,1,0,0,0,0,0,0,0,1,1
CHQ26_2395,2026,autonomo,1,1,0,1,1,1,1,1,0,0,1,1,1,1,1,0
CHQ26_2396,2026,autonomo,0,0,1,1,1,1,1,1,0,0,0,0,1,1,1,1
CHQ26_2397,2026,autonomo,1,1,1,1,1,1,1,0,0,0,0,1,1,1,1,0
CHQ26_2398,2026,autonomo,0,0,1,1,1,0,1,1,0,0,0,1,0,0,,1
CHQ26_2399,2026,autonomo,1,1,1,1,1,1,1,1,1,0,0,1,1,1,0,0
CHQ26_2400,2026,autonomo,0,0,1,1,1,1,1,1,1,0,0,0,1,1,1,0
CHQ26_2401,2026,autonomo,0,1,1,1,1,1,1,1,1,1,1,1,1,1,0,1
CHQ26_2402,2026,autonomo,0,1,1,1,1,1,1,1,1,0,0,0,0,0,1,0
CHQ26_2403,2026,autonomo,1,0,1,1,1,1,1,0,0,0,0,0,0,0,1,0
CHQ26_2404,2026,autonomo,1,0,1,1,1,1,1,1,1,0,0,0,1,1,0,0
CHQ26_2405,2026,autonomo,1,1,1,1,1,1,1,0,0,0,0,0,1,1,1,1
CHQ26_2406,2026,autonomo,0,0,0,1,1,0,0,0,0,0,0,0,0,1,0,0
CHQ26_2407,2026,autonomo,0,0,1,1,1,1,1,0,0,0,0,0,1,1,1,1
CHQ26_2408,2026,autonomo,1,1,1,1,1,1,1,0,0,0,0,1,0,1,1,1
CHQ26_2409,2026,autonomo,1,1,1,1,1,1,1,0,0,0,0,0,1,1,0,1
CHQ26_2410,2026,autonomo,1,1,1,1,1,1,1,1,0,0,0,0,0,0,1,1
CHQ26_2411,2026,autonomo,0,0,1,1,1,1,1,1,1,0,1,0,1,0,1,0
CHQ26_2412,2026,autonomo,1,0,0,1,1,0,1,1,0,0,0,1,0,0,1,0
CHQ26_2413,2026,autonomo,0,0,1,1,1,0,0,0,0,0,0,1,1,1,0,0
CHQ26_2414,2026,autonomo,0,0,1,1,1,1,1,1,1,1,1,1,1,1,0,0
CHQ26_2415,2026,autonomo,1,1,1,1,1,1,1,1,1,0,0,0,1,1,0,0
CHQ26_2416,2026,autonomo,1,1,1,1,1,1,1,1,1,1,0,1,1,1,0,0
CHQ26_2417,2026,autonomo,1,0,1,1,1,1,1,0,0,1,0,0,0,1,1,0
CHQ26_2418,2026,autonomo,0,0,1,1,1,0,1,0,0,0,0,1,0,1,1,0
CHQ26_2419,2026,autonomo,1,1,1,1,1,1,1,1,1,1,0,1,0,1,0,0
CHQ26_2420,2026,autonomo,0,1,0,0,0,1,1,0,0,1,0,1,0,0,1,0
CHQ26_2421,2026,autonomo,0,0,1,1,1,1,1,0,0,0,1,1,1,1,1,1
CHQ26_2422,2026,autonomo,1,1,1,1,1,1,1,1,1,0,0,1,1,1,0,0
CHQ26_2423,2026,autonomo,1,0,1,1,1,0,1,0,0,0,0,0,0,0,1,0
CHQ26_2424,2026,autonomo,1,1,1,1,1,1,1,0,0,0,0,1,1,1,0,0
CHQ26_2425,2026,autonomo,0,1,1,1,1,1,1,1,0,1,0,0,1,0,1,0
CHQ26_2426,2026,autonomo,0,0,1,1,1,1,1,0,0,1,1,0,0,0,1,0
CHQ26_2427,2026,autonomo,0,1,1,1,1,1,0,1,0,0,0,1,1,1,1,0
CHQ26_2428,2026,autonomo,0,0,1,1,1,1,1,1,0,0,0,0,1,0,1,1
CHQ26_2429,2026,autonomo,0,0,1,1,1,0,0,0,0,0,0,1,0,1,0,1
CHQ26_2430,2026,autonomo,0,0,1,1,1,1,1,1,0,0,0,0,1,1,1,0
CHQ26_2431,2026,autonomo,0,0,1,0,1,1,1,1,0,0,1,1,1,0,1,0
CHQ26_2432,2026,autonomo,1,1,1,1,1,1,1,1,0,0,1,1,1,0,1,0
CHQ26_2433,2026,autonomo,0,0,1,1,1,1,1,1,1,0,0,0,1,0,1,1
CHQ26_2434,2026,autonomo,1,1,1,1,1,1,0,1,0,0,0,1,1,1,1,0
CHQ26_2435,2026,autonomo,1,1,1,1,1,1,1,1,0,0,0,0,1,1,1,0
CHQ26_2436,2026,autonomo,0,0,1,1,1,1,1,0,0,0,0,1,0,0,1,0
CHQ26_2437,2026,autonomo,0,0,0,1,1,1,0,0,0,0,0,1,1,1,1,0
CHQ26_2438,2026,autonomo,0,0,1,1,1,1,1,0,0,0,0,0,1,1,1,0
CHQ26_2439,2026,autonomo,0,0,1,1,1,1,1,0,0,0,0,1,1,1,1,0
CHQ26_2440,2026,autonomo,0,1,0,1,1,1,0,1,0,0,0,1,1,1,1,0
CHQ26_2441,2026,autonomo,1,1,1,1,1,1,1,1,0,0,0,0,0,1,1,0
CHQ26_2442,2026,autonomo,1,0,1,1,1,1,1,0,0,0,1,1,1,0,1,0
CHQ26_2443,2026,autonomo,0,0,1,1,1,1,0,1,0,0,0,1,1,0,1,1
CHQ26_2444,2026,autonomo,0,0,1,1,1,1,1,1,0,0,1,1,1,1,1,0
CHQ26_2445,2026,autonomo,1,1,1,1,1,1,1,1,1,0,1,1,1,1,1,0
CHQ26_2446,2026,autonomo,0,0,1,1,1,1,1,0,0,0,0,0,1,0,1,0
CHQ26_2447,2026,autonomo,1,1,1,1,1,1,1,1,0,0,1,1,1,1,1,0
CHQ26_2448,2026,autonomo,1,0,1,1,1,1,1,1,1,1,0,0,1,0,1,1
